Date,Open,High,Low,Close,Volume,TradingValue,UpLimit,LowLimit
2020-01-02,28638.97,28872.8,28627.77,28868.8,,,,
2020-01-03,28553.33,28716.31,28500.36,28634.88,,,,
2020-01-06,28465.5,28708.02,28418.63,28703.38,,,,
2020-01-07,28639.18,28685.5,28565.28,28583.68,,,,
2020-01-08,28556.14,28866.18,28522.51,28745.09,,,,
2020-01-09,28851.97,28988.01,28844.31,28956.9,,,,
2020-01-10,28977.52,29009.07,28789.1,28823.77,,,,
2020-01-13,28869.01,28909.91,28819.43,28907.05,,,,
2020-01-14,28895.5,29054.16,28872.27,28939.67,,,,
2020-01-15,28901.8,29127.59,28897.35,29030.22,,,,
2020-01-16,29131.95,29300.32,29131.95,29297.64,,,,
2020-01-17,29313.31,29373.62,29289.91,29348.1,,,,
2020-01-21,29269.05,29341.21,29146.47,29196.04,,,,
2020-01-22,29263.63,29320.2,29172.26,29186.27,,,,
2020-01-23,29111.02,29190.47,28966.98,29160.09,,,,
2020-01-24,29230.39,29288.79,28843.31,28989.73,,,,
2020-01-27,28542.49,28671.79,28440.47,28535.8,,,,
2020-01-28,28594.28,28823.23,28575.75,28722.85,,,,
2020-01-29,28820.53,28944.24,28728.19,28734.45,,,,
2020-01-30,28640.16,28879.71,28489.76,28859.44,,,,
2020-01-31,28813.04,28813.04,28169.53,28256.03,,,,
2020-02-03,28319.65,28630.39,28319.65,28399.81,,,,
2020-02-04,28696.74,28904.88,28696.74,28807.63,,,,
2020-02-05,29048.73,29308.89,29000.85,29290.85,,,,
2020-02-06,29388.58,29408.05,29246.93,29379.77,,,,
2020-02-07,29286.92,29286.92,29056.98,29102.51,,,,
2020-02-10,28995.66,29278.07,28995.66,29276.81,,,,
2020-02-11,29390.71,29415.39,29210.47,29276.34,,,,
2020-02-12,29406.75,29568.57,29406.75,29551.42,,,,
2020-02-13,29436.03,29535.4,29345.93,29423.31,,,,
2020-02-14,29440.47,29463.04,29283.18,29398.08,,,,
2020-02-18,29282.78,29330.16,29116.81,29232.19,,,,
2020-02-19,29312.7,29409.09,29274.38,29348.03,,,,
2020-02-20,29296.25,29368.45,28959.65,29219.98,,,,
2020-02-21,29146.53,29146.53,28892.7,28992.41,,,,
2020-02-24,28402.93,28402.93,27912.44,27960.8,,,,
2020-02-25,28037.65,28149.2,26997.62,27081.36,,,,
2020-02-26,27159.46,27542.78,26890.97,26957.59,,,,
2020-02-27,26526,26775.31,25752.82,25766.64,,,,
2020-02-28,25270.83,25494.24,24681.01,25409.36,,,,
2020-03-02,25590.51,26706.17,25391.96,26703.32,,,,
2020-03-03,26762.47,27084.59,25706.28,25917.41,,,,
2020-03-04,26383.68,27102.34,26286.31,27090.86,,,,
2020-03-05,26671.92,26671.92,25943.33,26121.28,,,,
2020-03-06,25457.21,25994.38,25226.62,25864.78,,,,
2020-03-09,24992.36,24992.36,23706.07,23851.02,,,,
2020-03-10,24453,25020.99,23690.34,25018.16,,,,
2020-03-11,24604.63,24604.63,23328.32,23553.22,,,,
2020-03-12,22184.71,22837.95,21154.46,21200.62,,,,
2020-03-13,21973.82,23189.76,21285.37,23185.62,,,,
2020-03-16,20917.53,21768.28,20116.46,20188.52,,,,
2020-03-17,20487.05,21379.35,19882.26,21237.38,,,,
2020-03-18,20188.69,20489.33,18917.46,19898.92,,,,
2020-03-19,19830.01,20442.63,19177.13,20087.19,,,,
2020-03-20,20253.15,20531.26,19094.27,19173.98,,,,
2020-03-23,19028.36,19121.01,18213.65,18591.93,,,,
2020-03-24,19722.19,20737.7,19649.25,20704.91,,,,
2020-03-25,21050.34,22019.93,20538.34,21200.55,,,,
2020-03-26,21468.38,22595.06,21427.1,22552.17,,,,
2020-03-27,21898.47,22327.57,21469.27,21636.78,,,,
2020-03-30,21678.22,22378.09,21522.08,22327.48,,,,
2020-03-31,22208.42,22480.37,21852.08,21917.16,,,,
2020-04-01,21227.38,21487.24,20784.43,20943.51,,,,
2020-04-02,20819.46,21477.77,20735.02,21413.44,,,,
2020-04-03,21285.93,21447.81,20863.09,21052.53,,,,
2020-04-06,21693.63,22783.45,21693.63,22679.99,,,,
2020-04-07,23537.44,23617.24,22634.45,22653.86,,,,
2020-04-08,22893.47,23513.4,22682.99,23433.57,,,,
2020-04-09,23690.66,24008.99,23504.09,23719.37,,,,
2020-04-13,23698.93,23698.93,23095.35,23390.77,,,,
2020-04-14,23690.57,24040.58,23683.44,23949.76,,,,
2020-04-15,23600.72,23649.72,23233.32,23504.35,,,,
2020-04-16,23543.66,23598.08,23211.38,23537.68,,,,
2020-04-17,23817.15,24264.21,23817.15,24242.49,,,,
2020-04-20,24095.1,24108.69,23627.19,23650.44,,,,
2020-04-21,23365.25,23365.25,22941.88,23018.88,,,,
2020-04-22,23437.34,23613.1,23339.6,23475.82,,,,
2020-04-23,23543.09,23885.36,23483.35,23515.26,,,,
2020-04-24,23628.24,23826,23417.68,23775.27,,,,
2020-04-27,23866.15,24207.65,23840.61,24133.78,,,,
2020-04-28,24357.17,24512.24,24031.2,24101.55,,,,
2020-04-29,24490.37,24764.77,24453.99,24633.86,,,,
2020-04-30,24585.57,24585.57,24186.9,24345.72,,,,
2020-05-01,24120.78,24120.78,23645.3,23723.69,,,,
2020-05-04,23581.55,23769.56,23361.16,23749.76,,,,
2020-05-05,23958.88,24169.72,23868.91,23883.09,,,,
2020-05-06,23978.88,24054.59,23661.14,23664.64,,,,
2020-05-07,23837.21,24094.62,23834.39,23875.89,,,,
2020-05-08,24107.82,24349.9,24107.05,24331.32,,,,
2020-05-11,24256.45,24366.21,24070.22,24221.99,,,,
2020-05-12,24292.84,24382.09,23761.58,23764.78,,,,
2020-05-13,23702.16,23708.9,23067.64,23247.97,,,,
2020-05-14,23049.06,23630.86,22789.62,23625.34,,,,
2020-05-15,23454.83,23730.08,23354.15,23685.42,,,,
2020-05-18,24059.98,24708.54,24059.98,24597.37,,,,
2020-05-19,24577.48,24599.5,24202.96,24206.86,,,,
2020-05-20,24455.94,24649.48,24455.94,24575.9,,,,
2020-05-21,24564.27,24718.46,24370.88,24474.12,,,,
2020-05-22,24461.98,24481.64,24294.07,24465.16,,,,
2020-05-26,24781.84,25176.42,24781.84,24995.11,,,,
2020-05-27,25298.63,25551.56,25009.87,25548.27,,,,
2020-05-28,25697.36,25758.79,25358.73,25400.64,,,,
2020-05-29,25324.15,25482.8,25031.67,25383.11,,,,
2020-06-01,25342.99,25508.83,25220.66,25475.02,,,,
2020-06-02,25582.52,25743.13,25523.74,25742.65,,,,
2020-06-03,25906.88,26337.75,25906.88,26269.89,,,,
2020-06-04,26226.49,26384.1,26082.31,26281.82,,,,
2020-06-05,26836.8,27338.3,26836.8,27110.98,,,,
2020-06-08,27232.93,27580.21,27232.48,27572.44,,,,
2020-06-09,27447.37,27447.37,27151.06,27272.3,,,,
2020-06-10,27251.89,27355.22,26938.05,26989.99,,,,
2020-06-11,26282.51,26294.08,25082.72,25128.17,,,,
2020-06-12,25659.42,25965.55,25078.41,25605.54,,,,
2020-06-15,25270.39,25891.58,24843.18,25763.16,,,,
2020-06-16,26326.68,26611.03,25811.7,26289.98,,,,
2020-06-17,26330.52,26400.07,26068.41,26119.61,,,,
2020-06-18,26016.45,26154.2,25848.53,26080.1,,,,
2020-06-19,26213.1,26451.44,25759.66,25871.46,,,,
2020-06-22,25865.08,26059.81,25667.68,26024.96,,,,
2020-06-23,26159.39,26314.97,26105.97,26156.1,,,,
2020-06-24,25992.96,25992.96,25296.73,25445.94,,,,
2020-06-25,25365.22,25769.61,25209.79,25745.6,,,,
2020-06-26,25641.69,25641.69,24971.03,25015.55,,,,
2020-06-29,25152.45,25601.15,25096.16,25595.8,,,,
2020-06-30,25512.43,25905.38,25475.14,25812.88,,,,
2020-07-01,25879.38,26019.31,25713.61,25734.97,,,,
2020-07-02,25936.45,26204.41,25778.12,25827.36,,,,
2020-07-06,25996.08,26297.53,25996.08,26287.03,,,,
2020-07-07,26172.01,26174.93,25866.58,25890.18,,,,
2020-07-08,25950.06,26109.49,25816.25,26067.28,,,,
2020-07-09,26094.92,26103.28,25523.51,25706.09,,,,
2020-07-10,25690.35,26101.32,25637.5,26075.3,,,,
2020-07-13,26225.07,26639.09,26044.23,26085.8,,,,
2020-07-14,26044.17,26690.52,25994.98,26642.59,,,,
2020-07-15,27009.81,27071.33,26692.48,26870.1,,,,
2020-07-16,26746.57,26879.16,26590.01,26734.71,,,,
2020-07-17,26774.62,26808.43,26619.88,26671.95,,,,
2020-07-20,26660.29,26765.02,26504.2,26680.87,,,,
2020-07-21,26833.14,27025.38,26766.22,26840.4,,,,
2020-07-22,26824.56,27035.24,26794.19,27005.84,,,,
2020-07-23,26955.97,26973.85,26560.04,26652.33,,,,
2020-07-24,26533.41,26625.7,26402.86,26469.89,,,,
2020-07-27,26447.67,26625.46,26426.92,26584.77,,,,
2020-07-28,26529.45,26556.84,26361.71,26379.28,,,,
2020-07-29,26388.44,26602.45,26375.39,26539.57,,,,
2020-07-30,26367.42,26374.93,25992.28,26313.65,,,,
2020-07-31,26409.33,26440.02,26013.59,26428.32,,,,
2020-08-03,26542.32,26707.26,26534.38,26664.4,,,,
2020-08-04,26664.61,26832.72,26597.82,26828.47,,,,
2020-08-05,26924.78,27221.67,26924.78,27201.52,,,,
2020-08-06,27170.82,27394.1,27145.25,27386.98,,,,
2020-08-07,27321.68,27456.24,27223.55,27433.48,,,,
2020-08-10,27488.21,27803.86,27488.21,27791.44,,,,
2020-08-11,27961.64,28154.88,27624.51,27686.91,,,,
2020-08-12,27860.24,28043.89,27843.32,27976.84,,,,
2020-08-13,27922.51,27986.1,27789.78,27896.72,,,,
2020-08-14,27828.93,27977.81,27759.39,27931.02,,,,
2020-08-17,27970.05,27999.81,27816.4,27844.91,,,,
2020-08-18,27853.48,27891.12,27668.79,27778.07,,,,
2020-08-19,27811.26,27920.42,27647.67,27692.88,,,,
2020-08-20,27622.68,27781.46,27526.25,27739.73,,,,
2020-08-21,27758.13,27959.48,27686.78,27930.33,,,,
2020-08-24,28077.58,28314.94,28041.75,28308.46,,,,
2020-08-25,28347.42,28400.74,28094.57,28248.44,,,,
2020-08-26,28257.88,28353.8,28153.91,28331.92,,,,
2020-08-27,28384.07,28634.22,28363.93,28492.27,,,,
2020-08-28,28601.29,28733.35,28487.98,28653.87,,,,
2020-08-31,28643.66,28643.66,28363.55,28430.05,,,,
2020-09-01,28439.61,28659.26,28290.72,28645.66,,,,
2020-09-02,28736.79,29162.88,28713.53,29100.5,,,,
2020-09-03,29090.7,29199.35,28074.76,28292.73,,,,
2020-09-04,28341.05,28539.75,27664.68,28133.31,,,,
2020-09-08,27925.23,27925.23,27464.9,27500.89,,,,
2020-09-09,27711.71,28206.21,27704.54,27940.47,,,,
2020-09-10,28022.51,28174.78,27447.08,27534.58,,,,
2020-09-11,27613.86,27828.82,27448.15,27665.64,,,,
2020-09-14,27718.74,28086.06,27718.74,27993.33,,,,
2020-09-15,28139.76,28231.06,27931.45,27995.6,,,,
2020-09-16,28031.69,28364.77,28021.67,28032.38,,,,
2020-09-17,27834.18,28056.79,27647.93,27901.98,,,,
2020-09-18,27864.87,27946.69,27487.97,27657.42,,,,
2020-09-21,27484.71,27484.71,26715.15,27147.7,,,,
2020-09-22,27170.34,27333.09,26989.93,27288.18,,,,
2020-09-23,27413.6,27464.46,26716.12,26763.13,,,,
2020-09-24,26716.09,27094.85,26537.01,26815.44,,,,
2020-09-25,26694.51,27239.29,26635.38,27173.96,,,,
2020-09-28,27362.14,27722.6,27362.14,27584.06,,,,
2020-09-29,27560.24,27605.6,27338.09,27452.66,,,,
2020-09-30,27514.64,28026.33,27511.06,27781.7,,,,
2020-10-01,27940.63,28041.46,27669.26,27816.9,,,,
2020-10-02,27536.39,27861.43,27382.94,27682.81,,,,
2020-10-05,27825.42,28162.64,27825.42,28148.64,,,,
2020-10-06,28214.24,28354.48,27728.03,27772.76,,,,
2020-10-07,27971.36,28369.66,27971.36,28303.46,,,,
2020-10-08,28348.86,28459.13,28265.56,28425.51,,,,
2020-10-09,28533.61,28676.29,28440.63,28586.9,,,,
2020-10-12,28671.12,28957.9,28659.67,28837.52,,,,
2020-10-13,28764.95,28808.84,28604.35,28679.81,,,,
2020-10-14,28731.3,28792.56,28461.73,28514,,,,
2020-10-15,28323.4,28535.85,28181.54,28494.2,,,,
2020-10-16,28570.72,28842.9,28570.72,28606.31,,,,
2020-10-19,28633.55,28711.93,28139.4,28195.42,,,,
2020-10-20,28245.85,28575.03,28243.04,28308.79,,,,
2020-10-21,28270.66,28450.64,28196.39,28210.82,,,,
2020-10-22,28197.42,28421.31,28040.18,28363.66,,,,
2020-10-23,28409.65,28436.52,28149.82,28335.57,,,,
2020-10-26,28185.82,28185.82,27370.16,27685.38,,,,
2020-10-27,27651.18,27707.69,27457.96,27463.19,,,,
2020-10-28,27102.14,27102.14,26497.39,26519.95,,,,
2020-10-29,26480.98,26891.89,26290.78,26659.11,,,,
2020-10-30,26572.27,26639.18,26143.77,26501.6,,,,
2020-11-02,26691.28,27043.48,26691.28,26925.05,,,,
2020-11-03,27138.69,27640.21,27138.69,27480.03,,,,
2020-11-04,27512.83,28301.5,27512.83,27847.66,,,,
2020-11-05,28083.37,28495.05,28083.37,28390.18,,,,
2020-11-06,28399.13,28431.96,28189.5,28323.4,,,,
2020-11-09,29467.9,29933.83,29130.66,29157.97,,,,
2020-11-10,29254.17,29478.86,29126.99,29420.92,,,,
2020-11-11,29524.35,29593.11,29281.22,29397.63,,,,
2020-11-12,29231.91,29311.83,28902.13,29080.17,,,,
2020-11-13,29203.9,29559.25,29203.9,29479.81,,,,
2020-11-16,29672.36,29964.29,29672.36,29950.44,,,,
2020-11-17,29800.15,29872.42,29520.29,29783.35,,,,
2020-11-18,29875.4,29930.85,29432.84,29438.42,,,,
2020-11-19,29370.92,29524.9,29228.38,29483.23,,,,
2020-11-20,29437.57,29469.89,29231.2,29263.48,,,,
2020-11-23,29332.82,29667.75,29332.82,29591.27,,,,
2020-11-24,29746.11,30116.51,29746.11,30046.24,,,,
2020-11-25,30058.87,30058.87,29806.25,29872.47,,,,
2020-11-27,29911.33,30015.13,29819.98,29910.37,,,,
2020-11-30,29854.51,29854.51,29463.64,29638.64,,,,
2020-12-01,29797.5,30083.31,29797.5,29823.92,,,,
2020-12-02,29695.09,29902.51,29599.29,29883.79,,,,
2020-12-03,29920.83,30110.88,29877.27,29969.52,,,,
2020-12-04,29989.56,30218.26,29989.56,30218.26,,,,
2020-12-07,30233.03,30233.03,29967.22,30069.79,,,,
2020-12-08,29997.95,30246.22,29972.07,30173.88,,,,
2020-12-09,30229.81,30319.7,29951.85,30068.81,,,,
2020-12-10,30032.55,30063.87,29876.82,29999.26,,,,
2020-12-11,29988.21,30071.13,29820.84,30046.37,,,,
2020-12-14,30123.91,30325.79,29849.15,29861.55,,,,
2020-12-15,29919.09,30243.26,29894.95,30199.31,,,,
2020-12-16,30191.38,30236.03,30080.11,30154.54,,,,
2020-12-17,30216,30323.78,30216,30303.37,,,,
2020-12-18,30314.26,30343.59,30029.44,30179.05,,,,
2020-12-21,30159,30304.14,29755.53,30216.45,,,,
2020-12-22,30200.2,30200.2,29992.89,30015.51,,,,
2020-12-23,30046.73,30292.53,30046.73,30129.83,,,,
2020-12-24,30155.92,30209.67,30099.3,30199.87,,,,
2020-12-28,30283.23,30525.56,30283.23,30403.97,,,,
2020-12-29,30492.07,30588.79,30274.24,30335.67,,,,
2020-12-30,30415.09,30525.35,30393.04,30409.56,,,,
2020-12-31,30417.64,30637.47,30344.5,30606.48,,,,
2021-01-04,30627.47,30674.28,29881.82,30223.89,,,,
2021-01-05,30204.25,30504.89,30141.78,30391.6,,,,
2021-01-06,30362.78,31022.65,30313.07,30829.4,,,,
2021-01-07,30901.18,31193.4,30897.86,31041.13,,,,
2021-01-08,31069.58,31140.67,30793.27,31097.97,,,,
2021-01-11,31015.37,31096.98,30832.06,31008.69,,,,
2021-01-12,31015.01,31114.56,30888.76,31068.69,,,,
2021-01-13,31084.88,31153.37,30992.05,31060.47,,,,
2021-01-14,31085.67,31223.78,30982.24,30991.52,,,,
2021-01-15,30926.77,30941.98,30612.67,30814.26,,,,
2021-01-19,30887.42,31086.62,30865.03,30930.52,,,,
2021-01-20,31017.54,31235.98,30997.79,31188.38,,,,
2021-01-21,31198.01,31272.22,31120.92,31176.01,,,,
2021-01-22,31141.56,31141.56,30908.47,30996.98,,,,
2021-01-25,30989.85,30989.85,30564.06,30960,,,,
2021-01-26,30968.55,31121.42,30921.71,30937.04,,,,
2021-01-27,30893.78,30893.78,30206.91,30303.17,,,,
2021-01-28,30377.19,30951.41,30377.19,30603.36,,,,
2021-01-29,30553.91,30553.91,29856.3,29982.62,,,,
2021-02-01,30054.73,30335.91,30014.97,30211.91,,,,
2021-02-02,30276.88,30840.54,30276.88,30687.48,,,,
2021-02-03,30689.65,30793.41,30521.31,30723.6,,,,
2021-02-04,30737.78,31065.96,30737.78,31055.86,,,,
2021-02-05,31093.81,31252.18,31083.22,31148.24,,,,
2021-02-08,31191.2,31386.1,31191.2,31385.76,,,,
2021-02-09,31359.88,31439.47,31245.86,31375.83,,,,
2021-02-10,31428.02,31511.44,31221.32,31437.8,,,,
2021-02-11,31466.49,31543.82,31244.36,31430.7,,,,
2021-02-12,31420.8,31475.31,31347.8,31458.4,,,,
2021-02-16,31472.08,31608.63,31443.48,31522.75,,,,
2021-02-17,31485.61,31643.7,31338.76,31613.02,,,,
2021-02-18,31558.6,31558.6,31285.32,31493.34,,,,
2021-02-19,31504.13,31647.53,31469.34,31494.32,,,,
2021-02-22,31381.12,31653.48,31286.57,31521.69,,,,
2021-02-23,31501.89,31653.38,31158.76,31537.35,,,,
2021-02-24,31499.75,32009.64,31421.29,31961.86,,,,
2021-02-25,31955.94,31984.77,31293.32,31402.01,,,,
2021-02-26,31401.29,31450.89,30911.37,30932.37,,,,
2021-03-01,31065.9,31668.34,31065.9,31535.51,,,,
2021-03-02,31535.37,31623.27,31377.16,31391.52,,,,
2021-03-03,31352.96,31563.31,31260.14,31270.09,,,,
2021-03-04,31289.01,31461.97,30547.53,30924.14,,,,
2021-03-05,31029.18,31580.33,30766.81,31496.3,,,,
2021-03-08,31512.15,32148.04,31512.15,31802.44,,,,
2021-03-09,31892.35,32150.32,31822.64,31832.74,,,,
2021-03-10,31906.96,32389.5,31906.96,32297.02,,,,
2021-03-11,32354.5,32661.59,32345.7,32485.59,,,,
2021-03-12,32462.4,32793.32,32462.4,32778.64,,,,
2021-03-15,32798.84,32973.4,32629.75,32953.46,,,,
2021-03-16,32966.75,32966.75,32778.23,32825.95,,,,
2021-03-17,32825.52,33047.58,32782.18,33015.37,,,,
2021-03-18,32928.16,33227.78,32831.25,32862.3,,,,
2021-03-19,32858.36,32858.36,32505.07,32627.97,,,,
2021-03-22,32601.82,32810.35,32512.53,32731.2,,,,
2021-03-23,32691.5,32753.77,32356.28,32423.15,,,,
2021-03-24,32470.88,32787.99,32418.15,32420.06,,,,
2021-03-25,32346.81,32672.69,32071.41,32619.48,,,,
2021-03-26,32681.07,33098.83,32681.07,33072.88,,,,
2021-03-29,33087.55,33259,32905.13,33171.37,,,,
2021-03-30,33127.88,33170.93,32988.92,33066.96,,,,
2021-03-31,33116.04,33173.77,32980.57,32981.55,,,,
2021-04-01,33054.58,33167.17,32985.35,33153.21,,,,
2021-04-05,33222.38,33617.95,33222.38,33527.19,,,,
2021-04-06,33500.02,33544.79,33380.43,33430.24,,,,
2021-04-07,33444.98,33521.76,33347.96,33446.26,,,,
2021-04-08,33469.89,33506.8,33342.64,33503.57,,,,
2021-04-09,33526.19,33810.87,33526.19,33800.6,,,,
2021-04-12,33775.06,33786.19,33665.54,33745.4,,,,
2021-04-13,33721.16,33741.64,33545.84,33677.27,,,,
2021-04-14,33668.95,33911.25,33668.95,33730.89,,,,
2021-04-15,33788.53,34068.73,33788.53,34035.99,,,,
2021-04-16,34058.16,34256.75,34058.16,34200.67,,,,
2021-04-19,34182.38,34182.38,33980.56,34077.63,,,,
2021-04-20,34034.18,34034.18,33687.01,33821.3,,,,
2021-04-21,33808.3,34160.34,33773.8,34137.31,,,,
2021-04-22,34109.88,34126.57,33717.19,33815.9,,,,
2021-04-23,33804.52,34157.57,33713.29,34043.49,,,,
2021-04-26,34044.23,34148.94,33941.37,33981.57,,,,
2021-04-27,33932.13,34043.98,33870.46,33984.93,,,,
2021-04-28,33860.46,33946.6,33805.56,33820.38,,,,
2021-04-29,33855.64,34087.21,33744.28,34060.36,,,,
2021-04-30,33988.75,33988.75,33784.96,33874.85,,,,
2021-05-03,33904.89,34221.06,33904.89,34113.23,,,,
2021-05-04,34080.2,34147.78,33765.68,34133.03,,,,
2021-05-05,34163.99,34331.2,34039.66,34230.34,,,,
2021-05-06,34245.11,34561.29,34185.06,34548.53,,,,
2021-05-07,34578.27,34811.39,34464.31,34777.76,,,,
2021-05-10,34785.27,35091.56,34741.57,34742.82,,,,
2021-05-11,34572.74,34572.74,34075.31,34269.16,,,,
2021-05-12,34206.4,34207.87,33555.22,33587.66,,,,
2021-05-13,33624.74,34181.77,33623.49,34021.45,,,,
2021-05-14,34050.86,34454.05,34050.86,34382.13,,,,
2021-05-17,34375.29,34383.84,34176.65,34327.79,,,,
2021-05-18,34351.18,34408.99,34044.1,34060.66,,,,
2021-05-19,33945.81,33945.81,33473.8,33896.04,,,,
2021-05-20,33906.3,34233.4,33872.41,34084.15,,,,
2021-05-21,34121.91,34415.48,34121.91,34207.84,,,,
2021-05-24,34253.87,34472.51,34253.87,34393.98,,,,
2021-05-25,34428.66,34511.35,34266.03,34312.46,,,,
2021-05-26,34336.34,34409.59,34271.44,34323.05,,,,
2021-05-27,34432.47,34608.82,34389.24,34464.64,,,,
2021-05-28,34558.5,34631.11,34520.09,34529.45,,,,
2021-06-01,34584.19,34849.32,34542.87,34575.31,,,,
2021-06-02,34614.62,34706.65,34545.96,34600.38,,,,
2021-06-03,34550.31,34667.41,34334.41,34577.04,,,,
2021-06-04,34618.69,34772.12,34618.69,34756.39,,,,
2021-06-07,34766.2,34820.91,34574.51,34630.24,,,,
2021-06-08,34645.84,34665.38,34452.94,34599.82,,,,
2021-06-09,34626.16,34654.67,34439.37,34447.14,,,,
2021-06-10,34502.51,34737.79,34447.25,34466.24,,,,
2021-06-11,34499.81,34618.09,34328.65,34479.6,,,,
2021-06-14,34472.52,34472.52,34211.54,34393.75,,,,
2021-06-15,34397.1,34420.38,34199.16,34299.33,,,,
2021-06-16,34308.48,34333.25,33917.11,34033.67,,,,
2021-06-17,34014.38,34091.79,33626.61,33823.45,,,,
2021-06-18,33622.7,33622.7,33271.93,33290.08,,,,
2021-06-21,33312.07,33908.09,33312.07,33876.97,,,,
2021-06-22,33872.56,34040.7,33751.06,33945.58,,,,
2021-06-23,33948.54,34009.4,33869.83,33874.24,,,,
2021-06-24,33933.91,34233.02,33933.91,34196.82,,,,
2021-06-25,34328.1,34501.02,34314.8,34433.84,,,,
2021-06-28,34428.1,34449.65,34186.13,34283.27,,,,
2021-06-29,34338.89,34469.83,34266.83,34292.29,,,,
2021-06-30,34290.74,34553.16,34245.48,34502.51,,,,
2021-07-01,34507.32,34640.28,34498.85,34633.53,,,,
2021-07-02,34642.42,34821.93,34613.49,34786.35,,,,
2021-07-06,34790.16,34814.2,34358.42,34577.37,,,,
2021-07-07,34604.17,34708.78,34435.59,34681.79,,,,
2021-07-08,34569.01,34569.01,34145.59,34421.93,,,,
2021-07-09,34457.51,34893.72,34457.51,34870.16,,,,
2021-07-12,34836.75,35014.9,34730.15,34996.18,,,,
2021-07-13,34959.96,35018.79,34876.89,34888.79,,,,
2021-07-14,34920.83,35069.18,34826.87,34933.23,,,,
2021-07-15,34924.81,34990.41,34762.87,34987.02,,,,
2021-07-16,35007.94,35090.01,34647.82,34687.85,,,,
2021-07-19,34528.48,34528.48,33741.76,33962.04,,,,
2021-07-20,33981.79,34621.79,33981.79,34511.99,,,,
2021-07-21,34556.96,34820.24,34556.96,34798,,,,
2021-07-22,34799.68,34879.28,34673.03,34823.35,,,,
2021-07-23,34855.11,35095.33,34855.11,35061.55,,,,
2021-07-26,35055.86,35150.37,34950.19,35144.31,,,,
2021-07-27,35078.9,35078.9,34878.07,35058.52,,,,
2021-07-28,35109.95,35116.37,34876.84,34930.93,,,,
2021-07-29,34985.99,35171.52,34985.99,35084.53,,,,
2021-07-30,35013.26,35106.3,34871.13,34935.47,,,,
2021-08-02,34968.56,35192.11,34808.2,34838.16,,,,
2021-08-03,34864.1,35120.94,34714.33,35116.4,,,,
2021-08-04,35047.44,35047.44,34790.62,34792.67,,,,
2021-08-05,34815.61,35067.54,34815.61,35064.25,,,,
2021-08-06,35077.44,35246.79,35077.44,35208.51,,,,
2021-08-09,35229.67,35229.67,35041.24,35101.85,,,,
2021-08-10,35135.17,35285.16,35091.91,35264.67,,,,
2021-08-11,35300.89,35501.16,35300.89,35484.97,,,,
2021-08-12,35481.94,35510.77,35352.53,35499.85,,,,
2021-08-13,35551.56,35610.57,35474.78,35515.38,,,,
2021-08-16,35490.83,35631.19,35231.87,35625.4,,,,
2021-08-17,35500.01,35500.01,35120.31,35343.28,,,,
2021-08-18,35310.2,35356.8,34943.41,34960.69,,,,
2021-08-19,34874.67,34997.81,34690.25,34894.12,,,,
2021-08-20,34917.96,35177.26,34867.07,35120.08,,,,
2021-08-23,35160.97,35428.91,35160.97,35335.71,,,,
2021-08-24,35382.72,35445.47,35356.18,35366.26,,,,
2021-08-25,35388.77,35501.14,35287.63,35405.5,,,,
2021-08-26,35449.68,35498.45,35205.1,35213.12,,,,
2021-08-27,35231.11,35479.18,35231.11,35455.8,,,,
2021-08-30,35471.8,35510.71,35374.46,35399.84,,,,
2021-08-31,35391.38,35449.79,35289.86,35360.73,,,,
2021-09-01,35387.55,35407.37,35287.05,35312.53,,,,
2021-09-02,35353.06,35475.4,35348.48,35443.82,,,,
2021-09-03,35401.73,35422.71,35269.4,35369.09,,,,
2021-09-07,35373.24,35373.24,35060.9,35100,,,,
2021-09-08,35087.45,35175.15,34925.61,35031.07,,,,
2021-09-09,35013.08,35199.89,34847.3,34879.38,,,,
2021-09-10,34949.59,35104.25,34599.61,34607.72,,,,
2021-09-13,34665.5,34939.1,34665.5,34869.63,,,,
2021-09-14,34906.9,34990.36,34510.3,34577.57,,,,
2021-09-15,34580.95,34880.77,34522.03,34814.39,,,,
2021-09-16,34810.27,34943.55,34540.11,34751.32,,,,
2021-09-17,34737.86,34779.86,34519.63,34584.88,,,,
2021-09-20,34459.72,34459.72,33613.03,33970.47,,,,
2021-09-21,34025.61,34313.88,33914.02,33919.84,,,,
2021-09-22,34006.87,34440.42,34006.87,34258.32,,,,
2021-09-23,34296.3,34879.78,34296.3,34764.82,,,,
2021-09-24,34762.31,34857.06,34648.08,34798,,,,
2021-09-27,34739.27,35061.12,34739.27,34869.37,,,,
2021-09-28,34747.7,34798.21,34254.65,34299.99,,,,
2021-09-29,34360.08,34580.42,34305.96,34390.72,,,,
2021-09-30,34467.98,34557.37,33833.32,33843.92,,,,
2021-10-01,33930.7,34490.56,33785.54,34326.46,,,,
2021-10-04,34312.96,34410.28,33821.58,34002.92,,,,
2021-10-05,34035.25,34490.95,34035.25,34314.67,,,,
2021-10-06,34198.96,34432.68,33854.69,34416.99,,,,
2021-10-07,34509.72,34975.19,34509.72,34754.94,,,,
2021-10-08,34757.57,34842.62,34661.95,34746.25,,,,
2021-10-11,34723.79,34951.35,34486.51,34496.06,,,,
2021-10-12,34507.15,34611.24,34318.94,34378.34,,,,
2021-10-13,34372.71,34449.83,34115.1,34377.81,,,,
2021-10-14,34443.22,34923.83,34443.22,34912.56,,,,
2021-10-15,35023.63,35320.97,35023.63,35294.76,,,,
2021-10-18,35221.02,35327.57,35035.94,35258.61,,,,
2021-10-19,35325.37,35462.68,35290.12,35457.31,,,,
2021-10-20,35475.16,35669.69,35465.71,35609.34,,,,
2021-10-21,35520.32,35612.36,35442.53,35603.08,,,,
2021-10-22,35607.72,35765.02,35533.95,35677.02,,,,
2021-10-25,35692.62,35787.04,35629.37,35741.15,,,,
2021-10-26,35791.05,35892.92,35734.73,35756.88,,,,
2021-10-27,35835.43,35835.43,35490.43,35490.69,,,,
2021-10-28,35545.41,35742.25,35545.41,35730.48,,,,
2021-10-29,35712.28,35852.53,35633.2,35819.56,,,,
2021-11-01,35833.65,36009.74,35797.97,35913.84,,,,
2021-11-02,35935.11,36088.81,35884.13,36052.63,,,,
2021-11-03,36059.09,36178.51,35891.73,36157.58,,,,
2021-11-04,36107.46,36168.03,35986.48,36124.23,,,,
2021-11-05,36268.75,36484.75,36190.2,36327.95,,,,
2021-11-08,36416.46,36565.73,36334.42,36432.22,,,,
2021-11-09,36404.53,36416.98,36173.07,36319.98,,,,
2021-11-10,36299.25,36346.61,36009.5,36079.94,,,,
2021-11-11,36038.78,36108.17,35915.27,35921.23,,,,
2021-11-12,35963.78,36147.63,35934.59,36100.31,,,,
2021-11-15,36128.83,36236.07,36031.78,36087.45,,,,
2021-11-16,36076.18,36316.61,36076.18,36142.22,,,,
2021-11-17,36159.7,36159.7,35909.48,35931.05,,,,
2021-11-18,35901.69,35952.63,35654.39,35870.95,,,,
2021-11-19,35879.09,35879.09,35555.37,35601.98,,,,
2021-11-22,35631.41,35929.66,35615.55,35619.25,,,,
2021-11-23,35619.92,35841.52,35542.87,35813.8,,,,
2021-11-24,35752.31,35825.47,35591.03,35804.38,,,,
2021-11-26,35366.69,35366.69,34749.8,34899.34,,,,
2021-11-29,35017.71,35287.91,34895.89,35135.94,,,,
2021-11-30,35056.99,35056.99,34424.44,34483.72,,,,
2021-12-01,34678.94,35004.64,34006.98,34022.04,,,,
2021-12-02,34076.25,34759.65,34076.25,34639.79,,,,
2021-12-03,34692.78,34801.31,34264.57,34580.08,,,,
2021-12-06,34633.43,35356.75,34633.43,35227.03,,,,
2021-12-07,35423.99,35819.47,35423.99,35719.43,,,,
2021-12-08,35716.85,35840.52,35602.65,35754.75,,,,
2021-12-09,35722.26,35864.24,35577.14,35754.69,,,,
2021-12-10,35830.55,35982.69,35710.43,35970.99,,,,
2021-12-13,35958.93,35958.93,35609.53,35650.95,,,,
2021-12-14,35605.73,35779.47,35441.74,35544.18,,,,
2021-12-15,35549.35,35943.84,35389.3,35927.43,,,,
2021-12-16,36036.28,36189.83,35778.21,35897.64,,,,
2021-12-17,35800.11,35800.11,35284.26,35365.44,,,,
2021-12-20,35222.12,35222.12,34665.5,34932.16,,,,
2021-12-21,35069.5,35508.96,35069.5,35492.7,,,,
2021-12-22,35491.71,35764.67,35433.13,35753.89,,,,
2021-12-23,35782.42,36060.99,35782.42,35950.56,,,,
2021-12-27,35954.48,36306.61,35954.48,36302.38,,,,
2021-12-28,36302.99,36527.26,36302.99,36398.21,,,,
2021-12-29,36421.14,36571.55,36396.19,36488.63,,,,
2021-12-30,36522.48,36679.44,36372.13,36398.08,,,,
2021-12-31,36385.85,36484.94,36303.97,36338.3,,,,
2022-01-03,36321.59,36595.82,36246.45,36585.06,,,,
2022-01-04,36636,36934.84,36636,36799.65,,,,
2022-01-05,36722.6,36952.65,36400.39,36407.11,,,,
2022-01-06,36409.05,36464.19,36200.68,36236.47,,,,
2022-01-07,36249.59,36382.84,36111.53,36231.66,,,,
2022-01-10,36175.21,36175.21,35639.91,36068.87,,,,
2022-01-11,36058.85,36271.47,35769.38,36252.02,,,,
2022-01-12,36336.16,36453.49,36168.15,36290.32,,,,
2022-01-13,36312.49,36513.88,36044.22,36113.62,,,,
2022-01-14,35996.43,35996.43,35641.49,35911.81,,,,
2022-01-18,35661.76,35661.76,35262.02,35368.47,,,,
2022-01-19,35412.3,35547.83,35015.49,35028.65,,,,
2022-01-20,35102.66,35490.2,34670.12,34715.39,,,,
2022-01-21,34701.69,34896.67,34229.55,34265.37,,,,
2022-01-24,34070.61,34420.99,33150.33,34364.5,,,,
2022-01-25,34186.64,34591.04,33545.52,34297.73,,,,
2022-01-26,34520.82,34815.67,33876.48,34168.09,,,,
2022-01-27,34261.75,34773.32,34007.78,34160.78,,,,
2022-01-28,34135.24,34731.77,33807.51,34725.47,,,,
2022-01-31,34691.17,35148.14,34496.1,35131.86,,,,
2022-02-01,35151.47,35441.09,34977.95,35405.24,,,,
2022-02-02,35378.19,35679.2,35290.12,35629.33,,,,
2022-02-03,35520.08,35535.94,35071.06,35111.16,,,,
2022-02-04,35095.74,35333.55,34799.08,35089.74,,,,
2022-02-07,35108.38,35325.01,34993.98,35091.13,,,,
2022-02-08,35160.68,35544.89,35090.42,35462.78,,,,
2022-02-09,35614.9,35824.28,35614.9,35768.06,,,,
2022-02-10,35630.81,35800.24,35100.72,35241.59,,,,
2022-02-11,35267.89,35431.15,34620.52,34738.06,,,,
2022-02-14,34694.5,34744.56,34304.28,34566.17,,,,
2022-02-15,34686.19,35047.79,34686.19,34988.84,,,,
2022-02-16,34951.83,35042.09,34642.64,34934.27,,,,
2022-02-17,34858.47,34858.47,34246.23,34312.03,,,,
2022-02-18,34310.45,34423.58,33976.18,34079.18,,,,
2022-02-22,33974.09,34024.74,33364.29,33596.61,,,,
2022-02-23,33680.97,33832.59,33084.9,33131.76,,,,
2022-02-24,32830.33,33269.34,32272.64,33223.83,,,,
2022-02-25,33277.22,34095.74,33277.22,34058.75,,,,
2022-02-28,33870.62,33963.63,33469.31,33892.6,,,,
2022-03-01,33813.48,33870.14,33107.67,33294.95,,,,
2022-03-02,33379.51,34013.67,33379.51,33891.35,,,,
2022-03-03,33972.87,34179.07,33641.53,33794.66,,,,
2022-03-04,33655.43,33655.43,33254.12,33614.8,,,,
2022-03-07,33579.75,33579.75,32806.15,32817.38,,,,
2022-03-08,32885.17,33402.98,32578.73,32632.64,,,,
2022-03-09,32860.42,33457.28,32860.42,33286.25,,,,
2022-03-10,33106.77,33236.59,32819.76,33174.07,,,,
2022-03-11,33279.72,33515.61,32911.89,32944.19,,,,
2022-03-14,33000.37,33395.59,32818.16,32945.24,,,,
2022-03-15,32989.27,33620.84,32989.27,33544.34,,,,
2022-03-16,33653.93,34075.94,33391.24,34063.1,,,,
2022-03-17,33995.39,34483.92,33896.06,34480.76,,,,
2022-03-18,34466.72,34755.2,34279.83,34754.93,,,,
2022-03-21,34669.85,34808.28,34341.81,34552.99,,,,
2022-03-22,34583.24,34882.03,34583.24,34807.46,,,,
2022-03-23,34748.84,34748.84,34352.96,34358.5,,,,
2022-03-24,34406.81,34713.56,34355.42,34707.94,,,,
2022-03-25,34702.39,34942.7,34631.52,34861.24,,,,
2022-03-28,34833.03,34957.93,34552.23,34955.89,,,,
2022-03-29,35114.35,35372.26,35030.07,35294.19,,,,
2022-03-30,35273.63,35361.36,35058.58,35228.81,,,,
2022-03-31,35201.52,35201.52,34677.99,34678.35,,,,
2022-04-01,34740.89,34847.91,34538.25,34818.27,,,,
2022-04-04,34799.98,34940.78,34615.38,34921.88,,,,
2022-04-05,34876.33,35112.21,34566.04,34641.18,,,,
2022-04-06,34520.34,34609.84,34277.17,34496.51,,,,
2022-04-07,34439.24,34705.83,34190.95,34583.57,,,,
2022-04-08,34569.24,34908.46,34470.19,34721.12,,,,
2022-04-11,34630.27,34701.34,34272.29,34308.08,,,,
2022-04-12,34412.51,34669.97,34102.81,34220.36,,,,
2022-04-13,34166.64,34598.36,34140.64,34564.59,,,,
2022-04-14,34628.46,34889.17,34437.5,34451.23,,,,
2022-04-18,34411.49,34618.29,34279.08,34411.69,,,,
2022-04-19,34394.62,34983.11,34394.62,34911.2,,,,
2022-04-20,34962.67,35315.4,34962.67,35160.79,,,,
2022-04-21,35258.8,35492.22,34723.82,34792.76,,,,
2022-04-22,34727.38,34727.38,33773.39,33811.4,,,,
2022-04-25,33731.65,34106.01,33323.37,34049.46,,,,
2022-04-26,33907.49,33909.51,33230.95,33240.18,,,,
2022-04-27,33450.92,33697.18,33108.89,33301.93,,,,
2022-04-28,33425.96,34054.79,33248.46,33916.39,,,,
2022-04-29,33787.01,33919.59,32913.15,32977.21,,,,
2022-05-02,32978.49,33224.95,32449.87,33061.5,,,,
2022-05-03,33086.09,33341.58,32914.75,33128.79,,,,
2022-05-04,33171.8,34117.74,33021.84,34061.06,,,,
2022-05-05,33854.17,33854.17,32685.1,32997.97,,,,
2022-05-06,32773.88,33055.84,32474.69,32899.37,,,,
2022-05-09,32685.17,32685.17,32121.98,32245.7,,,,
2022-05-10,32504.09,32752.17,31887.89,32160.74,,,,
2022-05-11,32123.24,32584.02,31798.86,31834.11,,,,
2022-05-12,31699.04,31914.46,31228.22,31730.3,,,,
2022-05-13,31963.86,32276.05,31862.79,32196.66,,,,
2022-05-16,32152.15,32514.02,31928.18,32223.42,,,,
2022-05-17,32427,32689.14,32308.15,32654.59,,,,
2022-05-18,32468.67,32468.67,31393.95,31490.07,,,,
2022-05-19,31262.62,31569.13,31016.41,31253.13,,,,
2022-05-20,31426.94,31515.78,30635.76,31261.9,,,,
2022-05-23,31395.89,31968.42,31395.89,31880.24,,,,
2022-05-24,31717.61,32014.86,31365.59,31928.62,,,,
2022-05-25,31816.31,32254.44,31754.33,32120.28,,,,
2022-05-26,32248.17,32774.14,32248.17,32637.19,,,,
2022-05-27,32735.09,33213.62,32682.01,33212.96,,,,
2022-05-31,33160.59,33240.22,32752.34,32990.12,,,,
2022-06-01,33156.31,33272.34,32584.76,32813.23,,,,
2022-06-02,32809.01,33248.61,32509.43,33248.28,,,,
2022-06-03,32986.32,33135.61,32839.21,32899.7,,,,
2022-06-06,33032.04,33235.37,32819.5,32915.78,,,,
2022-06-07,32783.03,33207.45,32641.85,33180.14,,,,
2022-06-08,33087.07,33156.5,32824.37,32910.9,,,,
2022-06-09,32828.62,32956.73,32267.78,32272.79,,,,
2022-06-10,32053.52,32053.52,31387.84,31392.79,,,,
2022-06-13,31144.91,31144.91,30373.72,30516.74,,,,
2022-06-14,30592.34,30690.8,30144.23,30364.83,,,,
2022-06-15,30570.5,31011.97,30185.08,30668.53,,,,
2022-06-16,30305.74,30305.74,29740.35,29927.07,,,,
2022-06-17,29912.7,30167.52,29653.29,29888.78,,,,
2022-06-21,30074.69,30653.98,30074.69,30530.25,,,,
2022-06-22,30352.57,30777.92,30166.01,30483.13,,,,
2022-06-23,30570.33,30715.63,30293.4,30677.36,,,,
2022-06-24,30846.94,31517.29,30846.94,31500.68,,,,
2022-06-27,31533.6,31598.59,31351.37,31438.26,,,,
2022-06-28,31549.05,31885.09,30934.33,30946.99,,,,
2022-06-29,31067.41,31152.96,30894.53,31029.31,,,,
2022-06-30,30790,30979.85,30431.87,30775.43,,,,
2022-07-01,30737.77,31139.35,30487.79,31097.26,,,,
2022-07-05,30903.12,30971.74,30355.12,30967.82,,,,
2022-07-06,30957.3,31224.69,30794.84,31037.68,,,,
2022-07-07,31190.65,31421.84,31154.64,31384.55,,,,
2022-07-08,31348.43,31511.46,31212.45,31338.15,,,,
2022-07-11,31277.98,31367.55,31114.4,31173.84,,,,
2022-07-12,31113.31,31346.1,30860.51,30981.33,,,,
2022-07-13,30743.63,30979.17,30514.61,30772.79,,,,
2022-07-14,30451.8,30680.12,30143.93,30630.17,,,,
2022-07-15,30775.37,31288.26,30775.37,31288.26,,,,
2022-07-18,31475.98,31644.68,30982.97,31072.61,,,,
2022-07-19,31165.91,31842.25,31165.91,31827.05,,,,
2022-07-20,31829.99,31944.45,31646.95,31874.84,,,,
2022-07-21,31826.49,32040.63,31534.08,32036.9,,,,
2022-07-22,32167.92,32219.25,31731.47,31899.29,,,,
2022-07-25,31950.93,32029.03,31821.67,31990.04,,,,
2022-07-26,31950.04,31950.04,31705.36,31761.54,,,,
2022-07-27,31865.05,32336.23,31799.43,32197.59,,,,
2022-07-28,32197.62,32609.54,31982.61,32529.63,,,,
2022-07-29,32515.62,32910.18,32493.02,32845.13,,,,
2022-08-01,32755.71,32972.03,32640.79,32798.4,,,,
2022-08-02,32691.29,32772.93,32387.12,32396.17,,,,
2022-08-03,32514.21,32912.74,32514.21,32812.5,,,,
2022-08-04,32805.69,32829.22,32652.63,32726.82,,,,
2022-08-05,32593.9,32814.61,32489.62,32803.47,,,,
2022-08-08,32877.36,33109.96,32769.1,32832.54,,,,
2022-08-09,32807.36,32877.53,32702.66,32774.41,,,,
2022-08-10,33130.63,33364.41,33130.63,33309.51,,,,
2022-08-11,33451.51,33651.8,33289.83,33336.67,,,,
2022-08-12,33430.72,33767.09,33398.32,33761.05,,,,
2022-08-15,33710.7,33954.71,33582.96,33912.44,,,,
2022-08-16,33924.35,34281.36,33852.57,34152.01,,,,
2022-08-17,34029.55,34161.01,33828.41,33980.32,,,,
2022-08-18,33981.86,34043.83,33844.46,33999.04,,,,
2022-08-19,33904.69,33904.69,33627.09,33706.74,,,,
2022-08-22,33586.59,33586.59,33007.63,33063.61,,,,
2022-08-23,33033.52,33138.26,32858.89,32909.59,,,,
2022-08-24,32899.01,33095.5,32828.56,32969.23,,,,
2022-08-25,33029.27,33306.09,32889.85,33291.78,,,,
2022-08-26,33293.43,33364.7,32278.22,32283.4,,,,
2022-08-29,32188,32325.16,31972.79,32098.99,,,,
2022-08-30,32163.84,32205.66,31647.22,31790.87,,,,
2022-08-31,31827.15,31966.04,31509.59,31510.43,,,,
2022-09-01,31454.58,31677.51,31219.75,31656.42,,,,
2022-09-02,31848.5,32026.9,31182.09,31318.44,,,,
2022-09-06,31343.79,31463.89,31048.46,31145.3,,,,
2022-09-07,31145.63,31644.34,31095.21,31581.28,,,,
2022-09-08,31481.95,31783.37,31321.5,31774.52,,,,
2022-09-09,31876.22,32227.74,31876.22,32151.71,,,,
2022-09-12,32159.49,32504.04,32159.49,32381.34,,,,
2022-09-13,32006.5,32006.5,31018.54,31104.97,,,,
2022-09-14,31141.02,31276.82,30885.02,31135.09,,,,
2022-09-15,31124.68,31277.69,30882.08,30961.82,,,,
2022-09-16,30866.61,30866.61,30550.08,30822.42,,,,
2022-09-19,30722.86,31026.89,30559.37,31019.68,,,,
2022-09-20,30888.53,30888.53,30465.91,30706.23,,,,
2022-09-21,30819.39,31020.79,30181.99,30183.78,,,,
2022-09-22,30204.52,30302.28,29994.53,30076.68,,,,
2022-09-23,29955.65,29955.65,29250.47,29590.41,,,,
2022-09-26,29536.84,29630.77,29161.12,29260.81,,,,
2022-09-27,29419.88,29659.12,28958.22,29134.99,,,,
2022-09-28,29198.92,29811.78,29114.97,29683.74,,,,
2022-09-29,29513.73,29513.73,28997.34,29225.61,,,,
2022-09-30,29123.03,29355.78,28715.85,28725.51,,,,
2022-10-03,28855.25,29647.79,28855.25,29490.89,,,,
2022-10-04,29826.67,30325.05,29826.67,30316.32,,,,
2022-10-05,30078.36,30454.46,29886.44,30273.87,,,,
2022-10-06,30206.13,30329.61,29859.34,29926.94,,,,
2022-10-07,29685.27,29685.27,29142.66,29296.79,,,,
2022-10-10,29419.09,29485.82,29010.41,29202.88,,,,
2022-10-11,29085.2,29608.42,29074.23,29239.19,,,,
2022-10-12,29233.06,29455.12,29136.03,29210.85,,,,
2022-10-13,28755.83,30168.54,28660.94,30038.72,,,,
2022-10-14,30192.21,30428.82,29614.3,29634.83,,,,
2022-10-17,30059.58,30311.95,29997.62,30185.82,,,,
2022-10-18,30697.52,30837.9,30301.83,30523.8,,,,
2022-10-19,30439.04,30662.11,30226.9,30423.81,,,,
2022-10-20,30411.92,30822.96,30265.2,30333.59,,,,
2022-10-21,30291.18,31119.27,30206.28,31082.56,,,,
2022-10-24,31187.32,31603.63,31161.41,31499.62,,,,
2022-10-25,31463.65,31876.15,31423.53,31836.74,,,,
2022-10-26,31738.44,32172.42,31738.44,31839.11,,,,
2022-10-27,32062.14,32388.42,31993.21,32033.28,,,,
2022-10-28,32204.31,32889.81,32158.38,32861.8,,,,
2022-10-31,32754.27,32883.86,32586.93,32732.95,,,,
2022-11-01,32862.79,32975.48,32485.23,32653.2,,,,
2022-11-02,32576.28,33071.93,32139.77,32147.76,,,,
2022-11-03,31985.05,32185.71,31727.05,32001.25,,,,
2022-11-04,32265.01,32611.52,31938.92,32403.22,,,,
2022-11-07,32454.1,32895.59,32424.99,32827,,,,
2022-11-08,32934.56,33355.39,32831.46,33160.83,,,,
2022-11-09,33004.47,33065.11,32478.87,32513.94,,,,
2022-11-10,33263.91,33727.73,33167.82,33715.37,,,,
2022-11-11,33797.75,33817.96,33394.43,33747.86,,,,
2022-11-14,33662.05,33964.3,33533.96,33536.7,,,,
2022-11-15,33755.94,33987.06,33320.2,33592.92,,,,
2022-11-16,33554.93,33682.83,33516.99,33553.83,,,,
2022-11-17,33329.27,33616.02,33239.75,33546.32,,,,
2022-11-18,33606.59,33827.94,33540.64,33745.69,,,,
2022-11-21,33760.3,33864.59,33559.18,33700.28,,,,
2022-11-22,33810.05,34115.7,33810.05,34098.1,,,,
2022-11-23,34091.57,34262.07,34004.64,34194.06,,,,
2022-11-25,34213.04,34386.51,34199.57,34347.03,,,,
2022-11-28,34275.91,34303.88,33799.35,33849.46,,,,
2022-11-29,33847.8,33933.91,33662.45,33852.53,,,,
2022-11-30,33795.43,34589.77,33583.77,34589.77,,,,
2022-12-01,34533.59,34595.51,34129.35,34395.01,,,,
2022-12-02,34265.45,34483.21,34039.73,34429.88,,,,
2022-12-05,34335.73,34335.73,33846.81,33947.1,,,,
2022-12-06,33936.87,34006.63,33418.59,33596.34,,,,
2022-12-07,33556.4,33774.27,33503.67,33597.92,,,,
2022-12-08,33695.97,33899.17,33642.46,33781.48,,,,
2022-12-09,33746.71,33844.63,33462.65,33476.46,,,,
2022-12-12,33519.5,34005.04,33519.5,34005.04,,,,
2022-12-13,34268.44,34712.28,33890.88,34108.64,,,,
2022-12-14,34086.07,34395.65,33704.17,33966.35,,,,
2022-12-15,33773,33773,33016.16,33202.22,,,,
2022-12-16,33166.46,33166.46,32654.59,32920.46,,,,
2022-12-19,32921.45,33038.94,32581.97,32757.54,,,,
2022-12-20,32735.24,32992.23,32649.45,32849.74,,,,
2022-12-21,33028.09,33437.84,33028.09,33376.48,,,,
2022-12-22,33233.35,33233.35,32573.43,33027.49,,,,
2022-12-23,32961.06,33226.14,32814.02,33203.93,,,,
2022-12-27,33224.23,33387.72,33069.58,33241.56,,,,
2022-12-28,33264.76,33379.55,32869.15,32875.71,,,,
2022-12-29,33021.43,33293.42,33020.35,33220.8,,,,
2022-12-30,33121.61,33152.55,32847.82,33147.25,,,,
2023-01-03,33148.9,33387.52,32850.57,33136.37,,,,
2023-01-04,33165.14,33409.1,33033.48,33269.77,,,,
2023-01-05,33191.72,33191.72,32812.33,32930.08,,,,
2023-01-06,33055.3,33710.66,32997.39,33630.61,,,,
2023-01-09,33664.39,33935.11,33487.66,33517.65,,,,
2023-01-10,33516.43,33726.54,33421.8,33704.1,,,,
2023-01-11,33754.03,33974.69,33711.04,33973.01,,,,
2023-01-12,34047.86,34292.67,33792.1,34189.97,,,,
2023-01-13,34075.31,34342.32,33915.49,34302.61,,,,
2023-01-17,34222.32,34269.97,33860.67,33910.85,,,,
2023-01-18,33948.49,34016.53,33269.9,33296.96,,,,
2023-01-19,33171.35,33227.49,32982.05,33044.56,,,,
2023-01-20,33073.46,33381.95,32948.93,33375.49,,,,
2023-01-23,33439.56,33782.88,33316.25,33629.56,,,,
2023-01-24,33444.72,33782.92,33310.56,33733.96,,,,
2023-01-25,33538.36,33773.09,33273.21,33743.84,,,,
2023-01-26,33771.66,33953.79,33635.6,33949.41,,,,
2023-01-27,33952.93,34164.33,33830.85,33978.08,,,,
2023-01-30,33909.21,34055.29,33695.18,33717.09,,,,
2023-01-31,33803.56,34095.23,33664.91,34086.04,,,,
2023-02-01,34039.6,34334.7,33581.42,34092.96,,,,
2023-02-02,34129.3,34145.14,33814.78,34053.94,,,,
2023-02-03,33926.3,34179.58,33813.86,33926.01,,,,
2023-02-06,33874.44,33962.84,33683.58,33891.02,,,,
2023-02-07,33769.78,34240,33634.1,34156.69,,,,
2023-02-08,34132.9,34161.65,33899.79,33949.01,,,,
2023-02-09,34105.61,34252.57,33607.13,33699.88,,,,
2023-02-10,33671.54,33897.31,33591.99,33869.27,,,,
2023-02-13,33887.39,34249.6,33887.39,34245.93,,,,
2023-02-14,34194.09,34331.47,33827.45,34089.27,,,,
2023-02-15,34008.63,34130.49,33833.1,34128.05,,,,
2023-02-16,33992.09,34041.16,33686.59,33696.85,,,,
2023-02-17,33677.01,33846.64,33517.73,33826.69,,,,
2023-02-21,33699.69,33699.69,33115.74,33129.59,,,,
2023-02-22,33169.33,33245.97,32948.27,33045.09,,,,
2023-02-23,33175.39,33272.4,32795.67,33153.91,,,,
2023-02-24,32999.19,32999.19,32643.48,32816.92,,,,
2023-02-27,32906.16,33189.28,32814.18,32889.09,,,,
2023-02-28,32873.47,32873.47,32636.43,32656.7,,,,
2023-03-01,32656.37,32746.15,32500.71,32661.84,,,,
2023-03-02,32780.97,33083.45,32665.85,33003.57,,,,
2023-03-03,33076.33,33405.82,33008.41,33390.97,,,,
2023-03-06,33425.32,33572.22,33383.47,33431.44,,,,
2023-03-07,33428.31,33453.25,32838.21,32856.46,,,,
2023-03-08,32872.08,32903.44,32612.7,32798.4,,,,
2023-03-09,32876.83,32990.46,32190.6,32254.86,,,,
2023-03-10,32185.14,32422.1,31783.41,31909.64,,,,
2023-03-13,31819.93,32240.35,31624.87,31819.14,,,,
2023-03-14,32055.29,32306.59,31805.4,32155.4,,,,
2023-03-15,31759.87,31906.47,31429.82,31874.57,,,,
2023-03-16,31827.65,32281.61,31571.46,32246.55,,,,
2023-03-17,32217.32,32217.32,31728.7,31861.98,,,,
2023-03-20,31872.33,32280.07,31872.33,32244.58,,,,
2023-03-21,32420.71,32593.68,32346.12,32560.6,,,,
2023-03-22,32570.19,32761.89,32020.46,32030.11,,,,
2023-03-23,32101.49,32511.49,31864.74,32105.25,,,,
2023-03-24,32038.22,32257.24,31805.18,32237.53,,,,
2023-03-27,32276.72,32564,32276.72,32432.08,,,,
2023-03-28,32434.85,32551.01,32295.5,32394.25,,,,
2023-03-29,32566.54,32728.04,32539.94,32717.6,,,,
2023-03-30,32807.43,32905.8,32682.87,32859.03,,,,
2023-03-31,32901.96,33291,32901.96,33274.15,,,,
2023-04-03,33245.78,33632.9,33245.78,33601.15,,,,
2023-04-04,33594.79,33634.72,33275.62,33402.38,,,,
2023-04-05,33394.6,33543.84,33376.27,33482.72,,,,
2023-04-06,33420.96,33525.96,33325.37,33485.29,,,,
2023-04-10,33425.25,33590.24,33343.43,33586.52,,,,
2023-04-11,33586.75,33781.29,33586.75,33684.79,,,,
2023-04-12,33764.21,33895.43,33593.32,33646.5,,,,
2023-04-13,33668.97,34054.99,33605.17,34029.69,,,,
2023-04-14,33981.71,34082.94,33730.85,33886.47,,,,
2023-04-17,33930.46,33991.23,33796.91,33987.18,,,,
2023-04-18,33965.16,34018.62,33791.89,33976.63,,,,
2023-04-19,33889.83,33957.98,33814.65,33897.01,,,,
2023-04-20,33740.6,33875.39,33677.74,33786.62,,,,
2023-04-21,33793.6,33858.83,33688.57,33808.96,,,,
2023-04-24,33805.04,33891.15,33726.09,33875.4,,,,
2023-04-25,33828.34,33875.49,33525.39,33530.83,,,,
2023-04-26,33596.34,33645.83,33235.85,33301.87,,,,
2023-04-27,33381.66,33859.75,33374.65,33826.16,,,,
2023-04-28,33797.43,34104.56,33728.37,34098.16,,,,
2023-05-01,34116.81,34257.83,34030.14,34051.7,,,,
2023-05-02,34017.62,34017.75,33436.66,33684.53,,,,
2023-05-03,33726.64,33811.84,33396.05,33414.24,,,,
2023-05-04,33347.78,33354.86,32937.5,33127.74,,,,
2023-05-05,33248.55,33748.43,33248.55,33674.38,,,,
2023-05-08,33715.15,33747.49,33509.23,33618.69,,,,
2023-05-09,33589.85,33656.4,33509.72,33561.81,,,,
2023-05-10,33707.2,33772.09,33239.45,33531.33,,,,
2023-05-11,33383.89,33389.88,33127.7,33309.51,,,,
2023-05-12,33370.58,33406.4,33110.61,33300.62,,,,
2023-05-15,33321.21,33400.3,33161.93,33348.6,,,,
2023-05-16,33275.37,33290.85,33006.19,33012.14,,,,
2023-05-17,33092.48,33472.38,33050.41,33420.77,,,,
2023-05-18,33374.56,33579.91,33212.09,33535.91,,,,
2023-05-19,33582.95,33652.9,33336.66,33426.63,,,,
2023-05-22,33408.54,33512.3,33207.85,33286.58,,,,
2023-05-23,33190.6,33310.17,33013.29,33055.51,,,,
2023-05-24,33021.76,33031.75,32752.44,32799.92,,,,
2023-05-25,32854.26,32870.43,32586.56,32764.65,,,,
2023-05-26,32795.5,33162.06,32795.5,33093.34,,,,
2023-05-30,33103.65,33132.7,32893.97,33042.78,,,,
2023-05-31,32948.71,32984.83,32739.73,32908.27,,,,
2023-06-01,32929.85,33167.75,32704.51,33061.57,,,,
2023-06-02,33187.58,33805,33187.58,33762.76,,,,
2023-06-05,33771.13,33804.22,33552.79,33562.86,,,,
2023-06-06,33547.67,33631.25,33399.69,33573.28,,,,
2023-06-07,33562.47,33708.78,33546.11,33665.02,,,,
2023-06-08,33656.98,33873.81,33630.04,33833.61,,,,
2023-06-09,33852.44,33975.32,33787.16,33876.78,,,,
2023-06-12,33906.8,34077.84,33878.46,34066.33,,,,
2023-06-13,34111.08,34310.28,34107.98,34212.12,,,,
2023-06-14,34044.7,34151.42,33783.55,33979.33,,,,
2023-06-15,33945.98,34488.98,33945.98,34408.06,,,,
2023-06-16,34464.02,34588.68,34285.69,34299.12,,,,
2023-06-20,34206.66,34206.66,33915.93,34053.87,,,,
2023-06-21,33990.56,34097.93,33876.17,33951.52,,,,
2023-06-22,33900.47,34003.56,33835.39,33946.71,,,,
2023-06-23,33835.66,33835.66,33646.49,33727.43,,,,
2023-06-26,33730.79,33819.49,33610.32,33714.71,,,,
2023-06-27,33739.03,33975.65,33730.39,33926.74,,,,
2023-06-28,33881.38,33903.76,33755.92,33852.66,,,,
2023-06-29,33854.57,34147.68,33828.63,34122.42,,,,
2023-06-30,34269.92,34467.35,34269.92,34407.6,,,,
2023-07-03,34369.78,34465.6,34286.54,34418.47,,,,
2023-07-05,34344.72,34376.11,34226.98,34288.64,,,,
2023-07-06,34171.39,34171.39,33771.47,33922.26,,,,
2023-07-07,33837.07,34036.38,33716.75,33734.88,,,,
2023-07-10,33705.68,33958.36,33705.68,33944.4,,,,
2023-07-11,34056.94,34288.87,33993.01,34261.42,,,,
2023-07-12,34395.28,34586.94,34308.78,34347.43,,,,
2023-07-13,34412.31,34482.26,34365.33,34395.14,,,,
2023-07-14,34425.33,34592.26,34425.33,34509.03,,,,
2023-07-17,34499.74,34665.15,34418.72,34585.35,,,,
2023-07-18,34597.08,34986.36,34530.61,34951.93,,,,
2023-07-19,34991.21,35234.05,34991.21,35061.21,,,,
2023-07-20,35091.98,35372.77,35091.98,35225.18,,,,
2023-07-21,35274.32,35340.66,35186.05,35227.69,,,,
2023-07-24,35230.79,35463.97,35230.79,35411.24,,,,
2023-07-25,35421.49,35527.57,35365.26,35438.07,,,,
2023-07-26,35345.99,35633.61,35306.27,35520.12,,,,
2023-07-27,35558.79,35645.35,35216.58,35282.72,,,,
2023-07-28,35443.49,35565.51,35355.15,35459.29,,,,
2023-07-31,35465.97,35566.95,35430.22,35559.53,,,,
2023-08-01,35585.99,35679.13,35526.61,35630.68,,,,
2023-08-02,35551.92,35551.92,35226.26,35282.52,,,,
2023-08-03,35194.56,35348.2,35122.32,35215.89,,,,
2023-08-04,35230.13,35506.88,35033.76,35065.62,,,,
2023-08-07,35125.6,35497.38,35125.6,35473.13,,,,
2023-08-08,35345.4,35346.64,35007.41,35314.49,,,,
2023-08-09,35324.28,35370.89,35058.73,35123.36,,,,
2023-08-10,35231.54,35578.58,35107.6,35176.15,,,,
2023-08-11,35111.36,35354.6,35059.99,35281.4,,,,
2023-08-14,35273.89,35335.45,35169.97,35307.63,,,,
2023-08-15,35219.37,35219.37,34908.5,34946.39,,,,
2023-08-16,34914.96,35133.56,34757.37,34765.74,,,,
2023-08-17,34829.61,34888.48,34440.73,34474.83,,,,
2023-08-18,34368.36,34587.07,34263.19,34500.66,,,,
2023-08-21,34531.28,34570.96,34248.46,34463.69,,,,
2023-08-22,34494.17,34514.04,34256.84,34288.83,,,,
2023-08-23,34338.59,34534.72,34321,34472.98,,,,
2023-08-24,34439.83,34694.68,34093.65,34099.42,,,,
2023-08-25,34217.06,34441.91,34029.22,34346.9,,,,
2023-08-28,34441.64,34652.91,34441.64,34559.98,,,,
2023-08-29,34531.12,34864.42,34531.12,34852.67,,,,
2023-08-30,34847.8,35025.57,34811.74,34890.24,,,,
2023-08-31,34909.09,35070.21,34719.77,34721.91,,,,
2023-09-01,34876.24,34979.18,34720.7,34837.71,,,,
2023-09-05,34843.22,34871.26,34635.63,34641.97,,,,
2023-09-06,34611.68,34611.68,34291.56,34443.19,,,,
2023-09-07,34351.18,34560.86,34351.18,34500.73,,,,
2023-09-08,34487.41,34627.85,34473.57,34576.59,,,,
2023-09-11,34650.01,34784.52,34578.59,34663.72,,,,
2023-09-12,34620.02,34852.61,34560.55,34645.99,,,,
2023-09-13,34667.28,34767.11,34509.95,34575.53,,,,
2023-09-14,34687.5,34977.97,34687.5,34907.11,,,,
2023-09-15,34902.04,34902.04,34572.27,34618.24,,,,
2023-09-18,34612.29,34725.06,34545.35,34624.3,,,,
2023-09-19,34571.84,34597.56,34311.69,34517.73,,,,
2023-09-20,34575.5,34776.28,34434.29,34440.88,,,,
2023-09-21,34332.23,34378.3,34058.72,34070.42,,,,
2023-09-22,34077.08,34156.15,33947.24,33963.84,,,,
2023-09-25,33907.59,34017.53,33780.67,34006.88,,,,
2023-09-26,33862.68,33879.93,33569.6,33618.88,,,,
2023-09-27,33682.81,33731.65,33306.3,33550.27,,,,
2023-09-28,33519.44,33777.9,33473.5,33666.34,,,,
2023-09-29,33882.61,33893.68,33407.45,33507.5,,,,
2023-10-02,33455.5,33511.91,33219.56,33433.35,,,,
2023-10-03,33318.84,33398.54,32916.2,33002.38,,,,
2023-10-04,33034.18,33156.45,32873.23,33129.55,,,,
2023-10-05,33099.23,33174.38,32941.56,33119.57,,,,
2023-10-06,33040.7,33557.69,32846.94,33407.58,,,,
2023-10-09,33259.84,33631.81,33253.69,33604.65,,,,
2023-10-10,33683.41,33898.22,33604.32,33739.3,,,,
2023-10-11,33822.2,33882.55,33612.25,33804.87,,,,
2023-10-12,33845.65,33863.8,33455.6,33631.14,,,,
2023-10-13,33733.34,33957.72,33551.58,33670.29,,,,
2023-10-16,33832.42,34088.98,33832.42,33984.54,,,,
2023-10-17,33869.84,34147.63,33854.7,33997.65,,,,
2023-10-18,33960.25,33991.51,33598.64,33665.08,,,,
2023-10-19,33669.52,33852.39,33368.58,33414.17,,,,
2023-10-20,33365.27,33425.77,33118.12,33127.28,,,,
2023-10-23,32993.02,33234.85,32892.19,32936.41,,,,
2023-10-24,33089.64,33272.19,32988.43,33141.38,,,,
2023-10-25,33203.53,33267.91,32989.72,33035.93,,,,
2023-10-26,33017.17,33105.03,32743.99,32784.3,,,,
2023-10-27,32782.4,32787.56,32327.2,32417.59,,,,
2023-10-30,32537.54,33002.97,32537.54,32928.96,,,,
2023-10-31,33029.11,33070.28,32787.12,33052.87,,,,
2023-11-01,33081.87,33337.15,33010.85,33274.58,,,,
2023-11-02,33457.82,33852.96,33450.03,33839.08,,,,
2023-11-03,33988.83,34163.63,33946.6,34061.32,,,,
2023-11-06,34092.61,34167.26,33989.72,34095.86,,,,
2023-11-07,34075.65,34206.98,34026.72,34152.6,,,,
2023-11-08,34185.92,34252.75,33996.2,34112.27,,,,
2023-11-09,34163.71,34167.54,33859.77,33891.94,,,,
2023-11-10,34020.82,34310.36,33905.62,34283.1,,,,
2023-11-13,34259.25,34405.84,34205.81,34337.87,,,,
2023-11-14,34581.2,34931.01,34581.2,34827.7,,,,
2023-11-15,34906.72,35051.1,34868.48,34991.21,,,,
2023-11-16,34868.03,35022.46,34818.03,34945.47,,,,
2023-11-17,34964.82,35028.22,34882.82,34947.28,,,,
2023-11-20,34932.49,35227.48,34907.98,35151.04,,,,
2023-11-21,35104.84,35118.04,35038.44,35088.29,,,,
2023-11-22,35189.33,35315.2,35155.8,35273.03,,,,
2023-11-24,35299.9,35399.44,35299.9,35390.15,,,,
2023-11-27,35376.44,35410.37,35280.57,35333.47,,,,
2023-11-28,35332.13,35518.67,35307.73,35416.98,,,,
2023-11-29,35436.8,35579.13,35405.89,35430.42,,,,
2023-11-30,35596.57,35970.7,35592.22,35950.89,,,,
2023-12-01,35914.45,36264.85,35914.45,36245.5,,,,
2023-12-04,36089.38,36238.18,36029.69,36204.44,,,,
2023-12-05,36135.65,36164.68,36010.85,36124.56,,,,
2023-12-06,36183.73,36292.58,36024.25,36054.43,,,,
2023-12-07,36124.17,36164.17,36021.95,36117.38,,,,
2023-12-08,36084.82,36296.2,36061.64,36247.87,,,,
2023-12-11,36254.33,36416.18,36231.19,36404.93,,,,
2023-12-12,36442.1,36596.11,36373.22,36577.94,,,,
2023-12-13,36601.8,37094.85,36523.59,37090.24,,,,
2023-12-14,37115.63,37287.5,37051.52,37248.35,,,,
2023-12-15,37194.5,37347.6,37092.02,37305.16,,,,
2023-12-18,37330.14,37393.45,37284.85,37306.02,,,,
2023-12-19,37311.82,37562.83,37311.82,37557.92,,,,
2023-12-20,37520.13,37641.3,37073.04,37082,,,,
2023-12-21,37225.32,37418.76,37127.05,37404.35,,,,
2023-12-22,37349.27,37534.52,37268.88,37385.97,,,,
2023-12-26,37405.9,37617.99,37371.83,37545.33,,,,
2023-12-27,37518.62,37683.7,37488.6,37656.52,,,,
2023-12-28,37661.52,37778.85,37650.98,37710.1,,,,
2023-12-29,37701.63,37759.43,37538.8,37689.54,,,,
2024-01-02,37566.22,37790.08,37495.91,37715.04,,,,
2024-01-03,37629.23,37629.23,37401.85,37430.19,,,,
2024-01-04,37425.28,37716.41,37425.28,37440.34,,,,
2024-01-05,37455.46,37623.62,37323.82,37466.11,,,,
2024-01-08,37327.37,37692.92,37249.24,37683.01,,,,
2024-01-09,37523.55,37552.38,37373.3,37525.16,,,,
2024-01-10,37552.91,37740.77,37524.4,37695.73,,,,
2024-01-11,37747.14,37801.9,37424.28,37711.02,,,,
2024-01-12,37818.05,37825.27,37470.19,37592.98,,,,
2024-01-16,37493.54,37543.18,37201.39,37361.12,,,,
2024-01-17,37281.86,37371.66,37132.89,37266.67,,,,
2024-01-18,37300.81,37522.29,37122.95,37468.61,,,,
2024-01-19,37572.5,37933.73,37451.71,37863.8,,,,
2024-01-22,37919.55,38109.2,37911.61,38001.81,,,,
2024-01-23,37959.79,37980.73,37804.99,37905.45,,,,
2024-01-24,37975.37,38064.22,37795.71,37806.39,,,,
2024-01-25,37862.57,38057.53,37796.47,38049.13,,,,
2024-01-26,38006.68,38215.31,37997.77,38109.43,,,,
2024-01-29,38115.83,38343.93,38061.17,38333.45,,,,
2024-01-30,38298.23,38497.39,38257.8,38467.31,,,,
2024-01-31,38426.78,38588.86,38139.66,38150.3,,,,
2024-02-01,38175.34,38522.5,38106.84,38519.84,,,,
2024-02-02,38448.1,38783.62,38336.57,38654.42,,,,
2024-02-05,38546.77,38633.88,38220.4,38380.12,,,,
2024-02-06,38392.9,38545.28,38350.46,38521.36,,,,
2024-02-07,38613.89,38748.11,38571.01,38677.36,,,,
2024-02-08,38702.11,38755.68,38544.36,38726.33,,,,
2024-02-09,38731.97,38734.28,38567.9,38671.69,,,,
2024-02-12,38656.76,38927.08,38628.92,38797.38,,,,
2024-02-13,38699.17,38699.17,38039.86,38272.75,,,,
2024-02-14,38372.67,38442.56,38194.62,38424.27,,,,
2024-02-15,38397.94,38781.89,38397.94,38773.12,,,,
2024-02-16,38751.71,38825.03,38583.24,38627.99,,,,
2024-02-20,38576.26,38663.09,38460.2,38563.8,,,,
2024-02-21,38483.66,38618.03,38338.58,38612.24,,,,
2024-02-22,38845.19,39149.61,38802.07,39069.11,,,,
2024-02-23,39127.97,39282.28,39094.36,39131.53,,,,
2024-02-26,39144.79,39245.89,39025.8,39069.23,,,,
2024-02-27,39087.9,39087.9,38881.9,38972.41,,,,
2024-02-28,38938.08,38956.46,38741.68,38949.02,,,,
2024-02-29,39013.75,39074.13,38809.28,38996.39,,,,
2024-03-01,38989.51,39120.36,38850.5,39087.38,,,,
2024-03-04,38968.77,39087.86,38913.3,38989.83,,,,
2024-03-05,38906.98,38906.98,38457.83,38585.19,,,,
2024-03-06,38721.15,38858.13,38570.8,38661.05,,,,
2024-03-07,38784.3,38910.35,38730.13,38791.35,,,,
2024-03-08,38776.8,38971.15,38705.03,38722.69,,,,
2024-03-11,38667.21,38794.76,38483.25,38769.66,,,,
2024-03-12,38883.32,39071.56,38711.39,39005.49,,,,
2024-03-13,39054.58,39201.94,38937.92,39043.32,,,,
2024-03-14,39122.39,39160.25,38704.36,38905.66,,,,
2024-03-15,38809.65,38928.13,38618.2,38714.77,,,,
2024-03-18,38826.93,38898.41,38760.79,38790.43,,,,
2024-03-19,38819.61,39122.71,38761.28,39110.76,,,,
2024-03-20,39072.05,39529.13,38988.65,39512.13,,,,
2024-03-21,39661.03,39889.05,39589.23,39781.37,,,,
2024-03-22,39774.06,39824.76,39469.53,39475.9,,,,
2024-03-25,39410.54,39430.17,39296.03,39313.64,,,,
2024-03-26,39338.32,39439.44,39277.19,39282.33,,,,
2024-03-27,39461.98,39769.41,39461.98,39760.08,,,,
2024-03-28,39763.74,39868.59,39717.25,39807.37,,,,
2024-04-01,39807.93,39815,39491.22,39566.85,,,,
2024-04-02,39256.27,39256.27,39051.7,39170.24,,,,
2024-04-03,39139.59,39305.76,39017.13,39127.14,,,,
2024-04-04,39343.6,39421.35,38559.42,38596.98,,,,
2024-04-05,38664.98,39040.17,38602.18,38904.04,,,,
2024-04-08,38916.42,39013.2,38857.7,38892.8,,,,
2024-04-09,38983.66,38992.89,38572.09,38883.67,,,,
2024-04-10,38662.28,38662.28,38304.66,38461.51,,,,
2024-04-11,38523.26,38598.98,38197.28,38459.08,,,,
2024-04-12,38319.14,38319.14,37877.3,37983.24,,,,
2024-04-15,38075.38,38386.81,37657.79,37735.11,,,,
2024-04-16,37992.22,37992.22,37713.7,37798.97,,,,
2024-04-17,37949.67,38036.7,37611.56,37753.31,,,,
2024-04-18,37847.21,38083.76,37681.52,37775.38,,,,
2024-04-19,37801.98,38102.57,37781.61,37986.4,,,,
2024-04-22,38116.89,38447.16,37985.07,38239.98,,,,
2024-04-23,38356.07,38561.5,38297.72,38503.69,,,,
2024-04-24,38552.79,38552.79,38310.55,38460.92,,,,
2024-04-25,38052.09,38157.22,37754.38,38085.8,,,,
2024-04-26,38114.7,38337.64,38065.05,38239.66,,,,
2024-04-29,38282.16,38406.2,38215.47,38386.09,,,,
2024-04-30,38337.4,38337.4,37810.12,37815.92,,,,
2024-05-01,37845.56,38349.2,37780.54,37903.29,,,,
2024-05-02,38075.65,38295.29,37895.66,38225.66,,,,
2024-05-03,38709.36,38808.52,38518.28,38675.68,,,,
2024-05-06,38762.43,38886.47,38689.38,38852.27,,,,
2024-05-07,38858.94,38977.61,38840.4,38884.26,,,,
2024-05-08,38818.9,39094.74,38814.99,39056.39,,,,
2024-05-09,39064.27,39413.66,38988.85,39387.76,,,,
2024-05-10,39466.52,39579.88,39406.26,39512.84,,,,
2024-05-13,39591.28,39647.39,39403.05,39431.51,,,,
2024-05-14,39466.76,39616.41,39371.92,39558.11,,,,
2024-05-15,39615.1,39935.04,39615.1,39908,,,,
2024-05-16,39912.34,40051.05,39864.68,39869.38,,,,
2024-05-17,39911.72,40010.88,39858.86,40003.59,,,,
2024-05-20,39989.76,40077.4,39787.09,39806.77,,,,
2024-05-21,39804.4,39905.8,39778.73,39872.99,,,,
2024-05-22,39863.33,39890.91,39559.09,39671.04,,,,
2024-05-23,39694.95,39694.95,39025.51,39065.26,,,,
2024-05-24,39089.23,39220.31,39020.29,39069.59,,,,
2024-05-28,39028.99,39028.99,38706.14,38852.86,,,,
2024-05-29,38716.28,38716.28,38413.67,38441.54,,,,
2024-05-30,38368.35,38493.6,38000.96,38111.48,,,,
2024-05-31,38140.26,38719.43,38092.27,38686.32,,,,
2024-06-03,38709.99,38735.61,38247.22,38571.03,,,,
2024-06-04,38518.86,38786.62,38397.82,38711.29,,,,
2024-06-05,38774.82,38844.32,38548.77,38807.33,,,,
2024-06-06,38825.4,39004.16,38735.99,38886.17,,,,
2024-06-07,38861.24,39105.23,38751.85,38798.99,,,,
2024-06-10,38784.9,38877.86,38665.45,38868.04,,,,
2024-06-11,38795.71,38795.71,38446.24,38747.42,,,,
2024-06-12,38950.65,39120.26,38621.45,38712.21,,,,
2024-06-13,38677.12,38712.21,38407.7,38647.1,,,,
2024-06-14,38528.39,38595.24,38305.85,38589.16,,,,
2024-06-17,38565.18,38839.88,38431.95,38778.1,,,,
2024-06-18,38779.12,38936.93,38727.67,38834.86,,,,
2024-06-20,38804.73,39232.5,38778.46,39134.76,,,,
2024-06-21,39208.51,39257.18,39061.67,39150.33,,,,
2024-06-24,39184.49,39571.23,39184.49,39411.21,,,,
2024-06-25,39398.79,39423.26,38997.23,39112.16,,,,
2024-06-26,39063.15,39183.74,38908.99,39127.8,,,,
2024-06-27,39107.1,39250.69,39026.75,39164.06,,,,
2024-06-28,39092.39,39443.6,38937.15,39118.86,,,,
2024-07-01,39186.2,39438.36,39037.94,39169.52,,,,
2024-07-02,39108.25,39340.49,39085.69,39331.85,,,,
2024-07-03,39358.95,39411.17,39230.86,39308,,,,
2024-07-05,39313.4,39399.62,39168.7,39375.87,,,,
2024-07-08,39391.98,39654.96,39278.43,39344.79,,,,
2024-07-09,39357.37,39492.28,39146.6,39291.97,,,,
2024-07-10,39272.45,39736.2,39256.72,39721.36,,,,
2024-07-11,39695.18,39875.6,39623.12,39753.75,,,,
2024-07-12,39783.28,40257.24,39783.28,40000.9,,,,
2024-07-15,40138.4,40351.1,40136.1,40211.72,,,,
2024-07-16,40263.78,40988.81,40263.78,40954.48,,,,
2024-07-17,40862.57,41221.98,40849.71,41198.08,,,,
2024-07-18,41156.56,41376,40597.5,40665.02,,,,
2024-07-19,40592.35,40626.16,40203.27,40287.53,,,,
2024-07-22,40414.49,40472.53,40222.77,40415.44,,,,
2024-07-23,40443.73,40527.89,40319.7,40358.09,,,,
2024-07-24,40210.63,40258.44,39807.45,39853.87,,,,
2024-07-25,39828.63,40438.82,39817.5,39935.07,,,,
2024-07-26,40140.86,40753.83,40140.86,40589.34,,,,
2024-07-29,40665.71,40682.49,40388.83,40539.93,,,,
2024-07-30,40622.13,40866.25,40529.1,40743.33,,,,
2024-07-31,40768.88,41198.63,40655.89,40842.79,,,,
2024-08-01,40916.96,41096.66,40098.57,40347.97,,,,
2024-08-02,40075.33,40075.33,39358.68,39737.26,,,,
2024-08-05,39056.19,39056.19,38499.27,38703.27,,,,
2024-08-06,38736.22,39449.53,38638.3,38997.66,,,,
2024-08-07,39230.09,39477.96,38731.51,38763.45,,,,
2024-08-08,38940.38,39508.4,38922.79,39446.49,,,,
2024-08-09,39408.06,39628.66,39230.43,39497.54,,,,
2024-08-12,39556.01,39587.06,39251.72,39357.01,,,,
2024-08-13,39445.27,39792.8,39392.41,39765.64,,,,
2024-08-14,39800.59,40068.75,39737.2,40008.39,,,,
2024-08-15,40295.74,40590.51,40295.74,40563.06,,,,
2024-08-16,40528.86,40726.03,40453.58,40659.76,,,,
2024-08-19,40670.83,40907.32,40670.83,40896.53,,,,
2024-08-20,40874.52,40909.38,40756.65,40834.97,,,,
2024-08-21,40881.03,40974.4,40738.43,40890.49,,,,
2024-08-22,40932.23,41026.64,40584.47,40712.78,,,,
2024-08-23,40879.12,41207.92,40842.96,41175.08,,,,
2024-08-26,41200.84,41420.05,41140.23,41240.52,,,,
2024-08-27,41186.28,41271.75,41109.42,41250.5,,,,
2024-08-28,41250.17,41351.11,40842.29,41091.42,,,,
2024-08-29,41345.5,41577.97,41086.81,41335.05,,,,
2024-08-30,41366.16,41585.21,41145.85,41563.08,,,,
2024-09-03,41489.67,41489.67,40778.09,40936.93,,,,
2024-09-04,40872.06,41172.59,40840.89,40974.97,,,,
2024-09-05,41056.33,41084.78,40519.08,40755.75,,,,
2024-09-06,40756.81,41009.39,40297.33,40345.41,,,,
2024-09-09,40555.11,41000.24,40518.06,40829.59,,,,
2024-09-10,40916.5,40916.5,40417.48,40736.96,,,,
2024-09-11,40638.76,40903.68,39993.07,40861.71,,,,
2024-09-12,40862.11,41107.35,40665.53,41096.77,,,,
2024-09-13,41153.7,41533.84,41128.7,41393.78,,,,
2024-09-16,41435.17,41733.97,41435.17,41622.08,,,,
2024-09-17,41723.78,41835.28,41470.69,41606.18,,,,
2024-09-18,41628.91,41981.97,41449,41503.1,,,,
2024-09-19,41972.56,42160.91,41832.09,42025.19,,,,
2024-09-20,41959.43,42138.41,41865.95,42063.36,,,,
2024-09-23,42060.4,42190.05,42012.22,42124.65,,,,
2024-09-24,42234.99,42281.06,42056.82,42208.22,,,,
2024-09-25,42236.09,42299.64,41859.73,41914.75,,,,
2024-09-26,42113.42,42224.15,42036.28,42175.11,,,,
2024-09-27,42227.95,42628.32,42227.95,42313,,,,
2024-09-30,42289.75,42347.66,41929.07,42330.15,,,,
2024-10-01,42262.97,42322.36,41945.63,42156.97,,,,
2024-10-02,42125.14,42259.52,41968.79,42196.52,,,,
2024-10-03,42099.53,42125.84,41847.81,42011.59,,,,
2024-10-04,42248.26,42361.38,41972.11,42352.75,,,,
2024-10-07,42289.51,42293.64,41831.74,41954.24,,,,
2024-10-08,42022.65,42128.56,41874.72,42080.37,,,,
2024-10-09,42070.32,42562.01,41993.35,42512,,,,
2024-10-10,42511.37,42511.37,42308.04,42454.12,,,,
2024-10-11,42507.53,42899.75,42507.53,42863.86,,,,
2024-10-14,42800.89,43139,42707.14,43065.22,,,,
2024-10-15,43240.17,43277.78,42703.17,42740.42,,,,
2024-10-16,42706.49,43100.84,42692.37,43077.7,,,,
2024-10-17,43119.81,43289.76,43119.81,43239.05,,,,
2024-10-18,43187.12,43325.09,43036.35,43275.91,,,,
2024-10-21,43222.21,43310.87,42877.57,42931.6,,,,
2024-10-22,42876.84,43041.05,42718.26,42924.89,,,,
2024-10-23,42834.4,42834.4,42293.17,42514.95,,,,
2024-10-24,42522.55,42522.55,42191.83,42374.36,,,,
2024-10-25,42477.51,42594.64,42051.39,42114.4,,,,
2024-10-28,42264.54,42476.46,42264.54,42387.57,,,,
2024-10-29,42323.48,42491.86,42171.65,42233.05,,,,
2024-10-30,42249.81,42457.92,42141.54,42141.54,,,,
2024-10-31,41956.34,41991.91,41704.63,41763.46,,,,
2024-11-01,41869.82,42326.31,41869.82,42052.19,,,,
2024-11-04,42004.66,42035.87,41647.3,41794.6,,,,
2024-11-05,41835.49,42258.84,41766.96,42221.88,,,,
2024-11-06,42850.4,43778.78,42850.4,43729.93,,,,
2024-11-07,43718.92,43823.1,43641.92,43729.34,,,,
2024-11-08,43768.53,44157.29,43733.86,43988.99,,,,
2024-11-11,44057.65,44486.7,44057.65,44293.13,,,,
2024-11-12,44359.21,44405.73,43887.27,43910.98,,,,
2024-11-13,43880.46,44141.33,43829.98,43958.19,,,,
2024-11-14,44032.38,44080.78,43704.82,43750.86,,,,
2024-11-15,43587.93,43647.53,43350.43,43444.99,,,,
2024-11-18,43431.89,43505.66,43297.57,43389.6,,,,
2024-11-19,43243.27,43380.97,42938.87,43268.94,,,,
2024-11-20,43296.05,43465.77,43074.86,43408.47,,,,
2024-11-21,43538.7,44020.31,43345.58,43870.35,,,,
2024-11-22,43871.63,44323.95,43871.63,44296.51,,,,
2024-11-25,44385.49,44815.67,44385.49,44736.57,,,,
2024-11-26,44614.89,44903.01,44426.66,44860.31,,,,
2024-11-27,44837.75,45003.06,44690.23,44722.06,,,,
2024-11-29,44760.05,45071.29,44760.05,44910.65,,,,
2024-12-02,44925.86,45001.66,44710.16,44782,,,,
2024-12-03,44769.58,44914.68,44574.78,44705.53,,,,
2024-12-04,44941.05,45073.63,44799.74,45014.04,,,,
2024-12-05,45038.44,45059.94,44747.14,44765.71,,,,
2024-12-06,44824.29,44923.74,44596.46,44642.52,,,,
2024-12-09,44637.97,44728.51,44382.83,44401.93,,,,
2024-12-10,44291.57,44470.84,44186.66,44247.83,,,,
2024-12-11,44300.41,44376.18,44135.74,44148.56,,,,
2024-12-12,44168.66,44208.6,43903.27,43914.12,,,,
2024-12-13,43929.15,44054.23,43790.48,43828.06,,,,
2024-12-16,43825.76,43951.58,43686.85,43717.48,,,,
2024-12-17,43656.47,43656.47,43336.22,43449.9,,,,
2024-12-18,43459.72,43688.97,42300.04,42326.87,,,,
2024-12-19,42464.13,42787.85,42334.13,42342.24,,,,
2024-12-20,42296.26,43216.03,42146.33,42840.26,,,,
2024-12-23,42800.49,42957.79,42516.87,42906.95,,,,
2024-12-24,42916.48,43297.65,42871.76,43297.03,,,,
2024-12-26,43201.85,43373.98,43115.09,43325.8,,,,
2024-12-27,43142.37,43238.85,42761.56,42992.21,,,,
2024-12-30,42863.86,42863.86,42263.51,42573.73,,,,
2024-12-31,42636.7,42779.69,42421.29,42544.22,,,,
2025-01-02,42660.09,42905.09,42174.8,42392.27,,,,
2025-01-03,42495.76,42782.76,42436.92,42732.13,,,,
2025-01-06,42835.52,43115.31,42611.16,42706.56,,,,
2025-01-07,42809.71,42931.54,42380.75,42528.36,,,,
2025-01-08,42542.1,42656.22,42327.79,42635.2,,,,
2025-01-10,42540.29,42540.29,41877.3,41938.45,,,,
2025-01-13,41924.68,42319.6,41844.89,42297.12,,,,
2025-01-14,42366.42,42544.57,42157.03,42518.28,,,,
2025-01-15,42927.76,43323.49,42927.76,43221.55,,,,
2025-01-16,43290.25,43294.81,43081.75,43153.13,,,,
2025-01-17,43312.55,43653.25,43312.55,43487.83,,,,
2025-01-21,43528.65,44050.13,43528.65,44025.81,,,,
2025-01-22,44178.06,44208.34,44042.11,44156.73,,,,
2025-01-23,44113.55,44565.26,44113.55,44565.07,,,,
2025-01-24,44533.75,44545.52,44332.22,44424.25,,,,
2025-01-27,44148.84,44727.85,44026.27,44713.58,,,,
2025-01-28,44756.36,44976.35,44621.96,44850.35,,,,
2025-01-29,44819.55,44962.58,44579.1,44713.52,,,,
2025-01-30,44548.69,45008.75,44548.69,44882.13,,,,
2025-01-31,45054.36,45054.36,44507.22,44544.66,,,,
2025-02-03,44268.15,44594.54,43879.06,44421.91,,,,
2025-02-04,44469.46,44597.71,44328.52,44556.04,,,,
2025-02-05,44563.63,44886.88,44352.99,44873.28,,,,
2025-02-06,44949.19,44966.63,44545.27,44747.63,,,,
2025-02-07,44762.57,44857.11,44279.78,44303.4,,,,
2025-02-10,44396.92,44622.19,44301.42,44470.41,,,,
2025-02-11,44401.38,44640.6,44319.51,44593.65,,,,
2025-02-12,44357.7,44467.21,44104.48,44368.56,,,,
2025-02-13,44425.94,44768.26,44366.62,44711.43,,,,
2025-02-14,44720.99,44769.05,44498.96,44546.08,,,,
2025-02-18,44583.91,44602.02,44319.32,44556.34,,,,
2025-02-19,44478.12,44636.19,44312.65,44627.59,,,,
2025-02-20,44561.11,44561.11,43950.16,44176.65,,,,
2025-02-21,43820.13,43959.73,43349.33,43428.02,,,,
2025-02-24,43493.12,43699.15,43343.67,43461.21,,,,
2025-02-25,43509.74,43767.74,43282.98,43621.16,,,,
2025-02-26,43635.42,43866.5,43318.93,43433.12,,,,
2025-02-27,43516.44,43884.19,43224.53,43239.5,,,,
2025-02-28,43259.84,43873.55,43100.87,43840.91,,,,
2025-03-03,43900.49,44033.78,42919.31,43191.24,,,,
2025-03-04,43040.3,43084,42347.75,42520.99,,,,
2025-03-05,42518.37,43135.92,42418.73,43006.59,,,,
2025-03-06,42848.49,42970.49,42381.56,42579.08,,,,
2025-03-07,42503.07,42898.68,42175.62,42801.72,,,,
2025-03-10,42507.65,42541.36,41612.92,41911.71,,,,
2025-03-11,41837.95,41868.27,41175.37,41433.48,,,,
2025-03-12,41577.5,41721.36,41010.24,41350.93,,,,
2025-03-13,41280.05,41360.12,40661.77,40813.57,,,,
2025-03-14,41057.57,41528.11,40929.54,41488.19,,,,
2025-03-17,41460.22,42013.1,41412.75,41841.63,,,,
2025-03-18,41772.91,41787.25,41415.43,41581.31,,,,
2025-03-19,41613.19,42178.41,41613.19,41964.63,,,,
2025-03-20,41795.26,42250.29,41695.61,41953.32,,,,
2025-03-21,41763.4,42011.4,41433.86,41985.35,,,,
2025-03-24,42180.14,42638.85,42180.14,42583.32,,,,
2025-03-25,42635.54,42696.61,42441.83,42587.5,,,,
2025-03-26,42655.85,42821.83,42326.67,42454.79,,,,
2025-03-27,42432.96,42523.84,42142.19,42299.7,,,,
2025-03-28,42245.82,42258.15,41530,41583.9,,,,
2025-03-31,41382.52,42147.38,41148.13,42001.76,,,,
2025-04-01,41879.75,42140.66,41519.9,41989.96,,,,
2025-04-02,41736.08,42382.27,41629.7,42225.32,,,,
2025-04-03,40986.52,41173.62,40513.11,40545.93,,,,
2025-04-04,40097.9,40097.9,38264.87,38314.86,,,,
2025-04-07,37879.65,39207.02,36611.78,37965.6,,,,
2025-04-08,38827.1,39426.6,37103.86,37645.59,,,,
2025-04-09,37387.91,40778.7,37275.69,40608.45,,,,
2025-04-10,39996.93,39996.93,38427.7,39593.66,,,,
2025-04-11,39493.42,40404.27,39255.21,40212.71,,,,
2025-04-14,40546.15,40778.29,40159.02,40524.79,,,,
2025-04-15,40527.82,40791.18,40346.94,40368.96,,,,
2025-04-16,40179.49,40416.8,39394.75,39669.39,,,,
2025-04-17,39745.58,39745.58,38950.31,39142.23,,,,
2025-04-21,38906.04,38906.04,37830.66,38170.41,,,,
2025-04-22,38516.23,39272.03,38516.23,39186.98,,,,
2025-04-23,39815.01,40376.11,39487.14,39606.57,,,,
2025-04-24,39531.05,40157.91,39371.87,40093.4,,,,
2025-04-25,40045.73,40137.31,39718.68,40113.5,,,,
2025-04-28,40171.74,40414.18,39869.1,40227.59,,,,
2025-04-29,40233.98,40630.49,40222.18,40527.62,,,,
2025-04-30,40290.41,40777.16,39745.63,40669.36,,,,
2025-05-01,40918.04,41099.52,40705.63,40752.96,,,,
2025-05-02,40960.42,41386.19,40960.42,41317.43,,,,
2025-05-05,41173.38,41445.91,41063.44,41218.83,,,,
2025-05-06,41000.19,41164.33,40759.41,40829,,,,
2025-05-07,40956.08,41266.91,40829.29,41113.97,,,,
2025-05-08,41312.57,41773.22,41167.76,41368.45,,,,
2025-05-09,41405.48,41512.43,41150.73,41249.38,,,,
2025-05-12,41899.05,42418.05,41899.05,42410.1,,,,
2025-05-13,42507.33,42507.33,42132.04,42140.43,,,,
2025-05-14,42150.09,42254.75,41952.86,42051.06,,,,
2025-05-15,41777.98,42351.42,41777.98,42322.75,,,,
2025-05-16,42356.2,42663.68,42232.56,42654.74,,,,
2025-05-19,42542.81,42842.04,42337.71,42792.07,,,,
2025-05-20,42735.11,42800.04,42485.37,42677.24,,,,
2025-05-21,42354.46,42439.27,41785.22,41860.44,,,,
2025-05-22,41763.68,42090.42,41714.43,41859.09,,,,
2025-05-23,41525.7,41788.61,41354.09,41603.07,,,,
2025-05-27,41849.04,42350.66,41849.04,42343.65,,,,
2025-05-28,42361.63,42448.72,42042.26,42098.7,,,,
2025-05-29,42190.02,42266,41828.35,42215.73,,,,
2025-05-30,42192.35,42376.08,41906.16,42270.07,,,,
2025-06-02,42199.94,42317,41853.62,42305.48,,,,
2025-06-03,42304.5,42568.38,42186.44,42519.64,,,,
2025-06-04,42574.13,42645,42427.74,42427.74,,,,
2025-06-05,42487.89,42601.45,42211.69,42319.74,,,,
2025-06-06,42631.82,42924.56,42582.55,42762.87,,,,
2025-06-09,42786.19,42893.09,42567.55,42761.76,,,,
2025-06-10,42738.27,42925.94,42710.09,42866.87,,,,
2025-06-11,42882.86,43115.69,42738.62,42865.77,,,,
2025-06-12,42737.36,42970.4,42606.42,42967.62,,,,
2025-06-13,42579.48,42602.48,42081.09,42197.79,,,,
2025-06-16,42300.13,42707.73,42300.13,42515.09,,,,
2025-06-17,42358.62,42530.83,42132.65,42215.8,,,,
2025-06-18,42236.03,42510.07,42118.23,42171.66,,,,
2025-06-20,42291.09,42432.19,42089.99,42206.82,,,,
2025-06-23,42178.55,42609.47,41981.14,42581.78,,,,
2025-06-24,42807.13,43183.48,42794.08,43089.02,,,,
2025-06-25,43130.33,43130.33,42871.5,42982.43,,,,
2025-06-26,43084.07,43430.99,43084.07,43386.84,,,,
2025-06-27,43505.6,43966.37,43505.6,43819.27,,,,
2025-06-30,44020.66,44138.69,43889.16,44094.77,,,,
2025-07-01,44061.49,44604.15,44013.54,44494.94,,,,
2025-07-02,44455.66,44557.82,44354.01,44484.42,,,,
2025-07-03,44565.75,44885.83,44550.42,44828.53,,,,
2025-07-07,44803.36,44803.36,44160.32,44406.36,,,,
2025-07-08,44378.58,44436.96,44201.37,44240.76,,,,
2025-07-09,44327.13,44556.68,44225.88,44458.3,,,,
2025-07-10,44427.75,44775.47,44372.92,44650.64,,,,
2025-07-11,44480.77,44480.77,44275.25,44371.51,,,,
2025-07-14,44346.15,44472.13,44237.28,44459.65,,,,
2025-07-15,44459.84,44504.27,44002.39,44023.29,,,,
2025-07-16,44152.74,44260.19,43758.98,44254.78,,,,
2025-07-17,44229.88,44558.05,44200.04,44484.49,,,,
2025-07-18,44571.68,44571.68,44224.59,44342.19,,,,
2025-07-21,44368.4,44601.85,44311.42,44323.07,,,,
2025-07-22,44338.62,44542.53,44272.6,44502.44,,,,
2025-07-23,44661.12,45016.71,44638.44,45010.29,,,,
2025-07-24,44776.41,44912.27,44674.57,44693.91,,,,
2025-07-25,44757.28,44944.46,44650.59,44901.92,,,,
2025-07-28,44946.98,44946.98,44739.96,44837.56,,,,
2025-07-29,44833.74,44883.66,44568.83,44632.99,,,,
2025-07-30,44677.9,44739.53,44261.71,44461.28,,,,
2025-07-31,44665.82,44665.82,44049.01,44130.98,,,,
2025-08-01,43781.77,43781.77,43340.68,43588.58,,,,
2025-08-04,43724.02,44188.36,43724.02,44173.64,,,,
2025-08-05,44200.07,44308.5,43923.81,44111.74,,,,
2025-08-06,44196.61,44290.09,44017.71,44193.12,,,,
2025-08-07,44430.09,44498.43,43799.2,43968.64,,,,
2025-08-08,44044.95,44272.75,44028.94,44175.61,,,,
2025-08-11,44184.36,44273.03,43911.31,43975.09,,,,
2025-08-12,44050.53,44497.59,44050.53,44458.61,,,,
2025-08-13,44571.53,44949.12,44571.53,44922.27,,,,
2025-08-14,44890.84,44948.7,44690.5,44911.26,,,,
2025-08-15,45159.91,45203.52,44897.98,44946.12,,,,
2025-08-18,44963.17,44998.83,44868.32,44911.82,,,,
2025-08-19,44952.36,45207.39,44816.5,44922.27,,,,
2025-08-20,44922.7,45033.75,44767.97,44938.31,,,,
2025-08-21,44808.21,44892.61,44579.03,44785.5,,,,
2025-08-22,44952.88,45757.84,44952.88,45631.74,,,,
2025-08-25,45605.25,45605.25,45273.09,45282.47,,,,
2025-08-26,45236.83,45437.62,45192.29,45418.07,,,,
2025-08-27,45417.46,45621.08,45372.78,45565.23,,,,
2025-08-28,45581.03,45682.83,45442.68,45636.9,,,,
2025-08-29,45590.96,45616.16,45377.21,45544.88,,,,
2025-09-02,45287.73,45295.81,44948.16,45295.81,,,,
2025-09-03,45309.43,45309.43,44980.36,45271.23,,,,
2025-09-04,45204.87,45632.39,45160.74,45621.29,,,,
2025-09-05,45656.49,45770.2,45211.78,45400.86,,,,
2025-09-08,45430.61,45542.56,45277.73,45514.95,,,,
2025-09-09,45547.62,45764.2,45433.51,45711.34,,,,
2025-09-10,45731.5,45731.5,45380.06,45490.92,,,,
2025-09-11,45577.09,46137.2,45577.09,46108,,,,
2025-09-12,46077.14,46077.14,45813.93,45834.22,,,,
2025-09-15,45848.39,45978.43,45771.88,45883.45,,,,
2025-09-16,45919.54,45967.11,45667.42,45757.9,,,,
2025-09-17,45778.4,46261.95,45687.59,46018.32,,,,
2025-09-18,46056.55,46317.52,45954.73,46142.42,,,,
2025-09-19,46211.16,46396.47,46105.02,46315.27,,,,
2025-09-22,46206.69,46447.13,46035.83,46381.54,,,,
2025-09-23,46364.11,46714.27,46217.58,46292.78,,,,
2025-09-24,46368.94,46453.07,46096.39,46121.28,,,,
2025-09-25,46097.43,46122.42,45785.17,45947.32,,,,
2025-09-26,46101.45,46353.03,46051.92,46247.29,,,,
2025-09-29,46306.34,46387.06,46149.05,46316.07,,,,
2025-09-30,46282.63,46425.3,46103.39,46397.89,,,,
2025-10-01,46366.78,46528.78,46276.39,46441.1,,,,
2025-10-02,46461.11,46589.31,46283.57,46519.72,,,,
2025-10-03,46583.95,47049.64,46566.87,46758.28,,,,
2025-10-06,46776.04,46846.45,46426.96,46694.97,,,,
2025-10-07,46700.9,46868.49,46448.02,46602.98,,,,
2025-10-08,46649.32,46816.28,46498.39,46601.78,,,,
2025-10-09,46622.31,46684.41,46271.4,46358.42,,,,
2025-10-10,46394.88,46641.74,45470.72,45479.6,,,,
2025-10-13,45698.46,46153.49,45698.46,46067.58,,,,
2025-10-14,45871.89,46522.67,45452.03,46270.46,,,,
2025-10-15,46375.17,46693.34,46027.23,46253.31,,,,
2025-10-16,46289.09,46422.34,45781.18,45952.24,,,,
2025-10-17,45862.37,46327.07,45862.37,46190.61,,,,
2025-10-20,46312.88,46759.27,46312.88,46706.58,,,,
2025-10-21,46707.08,47125.66,46688.25,46924.74,,,,
2025-10-22,46941.56,46941.56,46461.52,46590.41,,,,
2025-10-23,46519.13,46802.15,46490.06,46734.61,,,,
2025-10-24,46811.51,47326.73,46811.51,47207.12,,,,
2025-10-27,47412.8,47564.52,47375.96,47544.59,,,,
2025-10-28,47752.35,47943.16,47675.7,47706.37,,,,
2025-10-29,47746.79,48040.64,47448.59,47632,,,,
2025-10-30,47446.88,48014.92,47381.91,47522.12,,,,
2025-10-31,47659.96,47718.38,47347.28,47562.87,,,,
2025-11-03,47697.33,47697.33,47135.96,47336.68,,,,
2025-11-04,47148.04,47274.9,46877.06,47085.24,,,,
2025-11-05,47097.31,47460.36,47041.31,47311,,,,
2025-11-06,47255.12,47359.29,46787.44,46912.3,,,,
2025-11-07,46797.03,46996.71,46495.62,46987.1,,,,
2025-11-10,47095.06,47412.89,46934.35,47368.63,,,,
2025-11-11,47384.51,47974.37,47384.51,47927.96,,,,
2025-11-12,48015.79,48431.57,48015.79,48254.82,,,,
2025-11-13,48173.92,48233.25,47411.1,47457.22,,,,
2025-11-14,47222.38,47380.07,46863.05,47147.48,,,,
2025-11-17,47068.06,47202.56,46430.27,46590.24,,,,
2025-11-18,46382.92,46382.92,45913.6,46091.74,,,,
2025-11-19,46138.68,46299.13,45905.19,46138.77,,,,
2025-11-20,46567.51,46856.75,45728.93,45752.26,,,,
2025-11-21,45808.65,46577.5,45781.58,46245.41,,,,
2025-11-24,46351.93,46587.71,46108.01,46448.27,,,,
2025-11-25,46482.36,47182.9,46341.35,47112.45,,,,
2025-11-26,47196.15,47571.4,47196.15,47427.12,,,,
2025-11-28,47482.25,47750.77,47475.61,47716.42,,,,
2025-12-01,47580.85,47676.03,47271.11,47289.33,,,,
2025-12-02,47416.91,47597.11,47263.92,47474.46,,,,
2025-12-03,47371.62,47969.64,47371.62,47882.9,,,,
2025-12-04,47888.16,48049.72,47692.96,47850.94,,,,
2025-12-05,47879.6,48133.54,47871.51,47954.99,,,,
2025-12-08,47971.51,47971.51,47611.93,47739.32,,,,
2025-12-09,47724.52,47957.79,47533.6,47560.29,,,,
2025-12-10,47573.96,48197.3,47462.94,48057.75,,,,
2025-12-11,48082.9,48756.34,48082.9,48704.01,,,,
2025-12-12,48714.75,48886.86,48334.1,48458.05,,,,
2025-12-15,48594.36,48679.14,48283.27,48416.56,,,,
2025-12-16,48380.17,48452.17,47946.25,48114.26,,,,
2025-12-17,48128.05,48387.33,47856.79,47885.97,,,,
2025-12-18,48101.18,48365.93,47849.48,47951.85,,,,
2025-12-19,47974.82,48289.63,47974.82,48134.89,,,,
2025-12-22,48211.88,48457.47,48199.13,48362.68,,,,
2025-12-23,48320.59,48527.5,48254.31,48442.41,,,,
2025-12-24,48424.71,48771.32,48386.59,48731.16,,,,
2025-12-26,48712.47,48782,48589.07,48710.97,,,,
2025-12-29,48636.63,48704.83,48390.91,48461.93,,,,
2025-12-30,48434.88,48471.7,48297.26,48367.06,,,,
2025-12-31,48371.52,48371.52,48050.88,48063.29,,,,
2026-01-02,48105.98,48105.98,47853.04,48382.39,,,,
2026-01-05,48475.81,49209.95,48449.62,48977.18,,,,
2026-01-06,48987.36,49509.92,48923.83,49462.08,,,,
2026-01-07,49512.72,49621.43,48951.99,48996.08,,,,
2026-01-08,48850.17,49357.74,48792.34,49266.11,,,,
2026-01-09,49234.81,49571.41,49197.06,49504.07,,,,
2026-01-12,49499.67,49633.35,49011.31,49590.2,,,,
2026-01-13,49616.95,49616.95,49056.31,49191.99,,,,
2026-01-14,49088.25,49195.1,48851.98,49149.63,,,,
2026-01-15,49201.1,49581.18,49201.1,49442.44,,,,
2026-01-16,49466.7,49616.7,49246.24,49359.33,,,,
2026-01-20,49005.01,49005.01,48428.13,48488.59,,,,
2026-01-21,48546.03,49295.03,48546.03,49077.23,,,,
2026-01-22,49201.81,49607.29,49201.81,49384.01,,,,
2026-01-23,49264.54,49265.46,48963.05,49098.71,,,,
2026-01-26,49137.65,49488.81,49137.65,49412.4,,,,
2026-01-27,49103.58,49157.8,48862.52,49003.41,,,,
2026-01-28,49024.68,49150.34,48901.49,49015.6,,,,
2026-01-29,48938.27,49292.81,48597.22,49071.56,,,,

2026-01-30,48991.62,49047.68,48459.88,48892.47,,,,
2026-02-02,48777.77,49484.95,48673.58,49407.66,,,,
2026-02-03,49358.59,49653.13,48832.78,49240.99,,,,
2026-02-04,49323.59,49649.86,49112.43,49501.3,,,,
2026-02-05,49313.04,49340.9,48829.1,48908.72,,,,
2026-02-06,49032.19,50169.65,49032.19,50115.67,,,,
2026-02-09,50047.79,50219.4,49837.45,50135.87,,,,
2026-02-10,50193.49,50512.79,50115.03,50188.14,,,,
2026-02-11,50243.15,50499.04,49901.61,50121.4,,,,
2026-02-12,50170.27,50447.01,49420.28,49451.98,,,,
2026-02-13,49439.58,49743.98,49084.35,49500.93,,,,
2026-02-17,49525.37,49732.37,49169.84,49533.19,,,,
2026-02-18,49571.92,49897.31,49469.06,49662.66,,,,
2026-02-19,49576.22,49606.17,49197.53,49395.16,,,,
2026-02-20,49323,49712.56,49158.28,49625.97,,,,
2026-02-23,49536.54,49695.61,48731.46,48804.06,,,,
2026-02-24,48827.8,49295.21,48752.74,49174.5,,,,
2026-02-25,49357.63,49517.36,49206.87,49482.15,,,,
2026-02-26,49544.58,49815.22,49237.38,49499.2,,,,
2026-02-27,49253.57,49253.57,48678.78,48977.92,,,,
2026-03-02,48794.42,49064.67,48377.96,48904.78,,,,
2026-03-03,48493.11,48695.36,47626.85,48501.27,,,,
2026-03-04,48589.77,48854.05,48354.37,48739.41,,,,
2026-03-05,48526.73,48526.73,47577.11,47954.74,,,,
2026-03-06,47634.55,47634.55,47009.01,47501.55,,,,
2026-03-09,47371.28,47876.06,46615.52,47740.8,,,,
2026-03-10,47771.43,48220.54,47444.23,47706.51,,,,
2026-03-11,47690.76,47711.26,47185.89,47417.27,,,,
2026-03-12,47242.52,47242.52,46662.23,46677.85,,,,
2026-03-13,46689.24,47123.99,46494.63,46558.47,,,,
2026-03-16,46707.4,47176.14,46707.4,46946.41,,,,
2026-03-17,47085.53,47428.12,46975.52,46993.26,,,,
2026-03-18,46913.93,46913.93,46193.06,46225.15,,,,
2026-03-19,46134.87,46247.22,45733.7,46021.43,,,,
2026-03-20,45975.65,46068.31,45369.39,45577.47,,,,
2026-03-23,45803.82,46712.33,45803.82,46208.47,,,,
2026-03-24,46099.86,46400.82,45769.69,46124.06,,,,
2026-03-25,46314.24,46718.42,46196.91,46429.49,,,,
2026-03-26,46344.64,46547.59,45910.75,45960.11,,,,
2026-03-27,45904.25,45904.25,45063.33,45166.64,,,,
2026-03-30,45283.06,45625.76,45057.28,45216.14,,,,
2026-03-31,45541.76,46383.4,45480.3,46341.51,,,,
2026-04-01,46396.12,46803.36,46396.12,46565.74,,,,
2026-04-02,46469.36,46754.72,45897.24,46504.67,,,,
2026-04-06,46472.2,46701.1,46354.95,46669.88,,,,
2026-04-07,46744.76,46744.76,46214.77,46584.46,,,,
2026-04-08,46978.17,48017.09,46978.17,47909.92,,,,
2026-04-09,47840.63,48323.95,47690.27,48185.8,,,,
2026-04-10,48199.39,48235.06,47856.18,47916.57,,,,
2026-04-13,47718.21,48221.37,47505.97,48218.25,,,,
2026-04-14,48272.03,48592.29,48192.3,48535.99,,,,
2026-04-15,48549.14,48709.01,48281.62,48463.72,,,,
2026-04-16,48557.82,48683.45,48337.38,48578.72,,,,
2026-04-17,48788.81,49717.98,48788.81,49447.43,,,,
2026-04-20,49422.37,49489.63,49245.6,49442.56,,,,
2026-04-21,49688.37,49848.69,49046.54,49149.38,,,,
2026-04-22,49271.5,49624.48,49271.5,49490.03,,,,
2026-04-23,49284.85,49522.94,48861.31,49310.32,,,,
2026-04-24,49320.29,49393.34,49085.75,49230.71,,,,
2026-04-27,49112.2,49353.69,49029.47,49167.79,,,,
2026-04-28,49276.8,49381.33,49077.75,49141.93,,,,
2026-04-29,49163.78,49163.78,48708.57,48861.81,,,,
2026-04-30,48762.93,49753.26,48762.93,49652.14,,,,
2026-05-01,49832.57,49988.56,49496.47,49499.27,,,,
2026-05-04,49416.66,49441.43,48913.06,48941.9,,,,
2026-05-05,49037.12,49365.22,49009.11,49298.25,,,,
2026-05-06,49442.19,50011.53,49442.19,49910.59,,,,
2026-05-07,50002.39,50130.2,49487.97,49596.97,,,,
2026-05-08,49581.09,49830.7,49486.96,49609.16,,,,
2026-05-11,49549.07,49771.24,49475.78,49704.47,,,,
2026-05-12,49739.62,49823.94,49307.66,49760.56,,,,
2026-05-13,49674.58,49747.61,49451,49693.2,,,,
2026-05-14,49843.58,50200.54,49843.58,50063.46,,,,
2026-05-15,49930.26,49930.26,49503.57,49526.17,,,,
2026-05-18,49481.04,49761.16,49352.56,49686.12,,,,
2026-05-19,49696.53,49696.53,49245.11,49363.88,,,,
2026-05-20,49348.83,50067.22,49235.74,50009.35,,,,
2026-05-21,49983.8,50381.41,49697.47,50285.66,,,,
2026-05-22,50434.65,50830.24,50434.65,50579.7,,,,
2026-05-26,50686.15,50785.68,50356.64,50461.68,,,,
2026-05-27,50487.16,50830.41,50487.16,50644.28,,,,
2026-05-28,50660.98,50764.04,50314.34,50668.97,,,,
2026-05-29,50773.91,51094.18,50698.27,51032.46,,,,
2026-06-01,51161.1,51161.1,50767.32,51078.88,,,,
2026-06-02,50912.84,51369.61,50829.55,51307.79,,,,
2026-06-03,51220.92,51220.92,50687.07,50687.07,,,,
2026-06-04,50986.1,51657.89,50986.1,51561.93,,,,
2026-06-05,51610.02,51660.4,50781.45,50866.78,,,,
2026-06-08,50997.23,51277.15,50732.35,50786.01,,,,
2026-06-09,50814.42,51260.92,50211.12,50872.11,,,,
2026-06-10,50760.12,50769.26,49909.07,49918.78,,,,
2026-06-11,49972.07,50968.95,49972.07,50848.75,,,,
2026-06-12,51148.73,51409.7,50827.84,51202.26,,,,
2026-06-15,51364.55,51945.89,51364.55,51671.03,,,,
2026-06-16,51712.63,52190.29,51712.63,51999.67,,,,
